LocationID,LocationName,Region,Address,Description
1,MockLoc 1,South,Street 1,Desc 1
2,MockLoc 2,Center,Street 2,Desc 2
3,MockLoc 3,Center,Street 3,Desc 3
4,MockLoc 4,North,Street 4,Desc 4
5,MockLoc 5,South,Street 5,Desc 5
6,MockLoc 6,North,Street 6,Desc 6
7,MockLoc 7,Center,Street 7,Desc 7
8,MockLoc 8,Center,Street 8,Desc 8
9,MockLoc 9,North,Street 9,Desc 9
10,MockLoc 10,North,Street 10,Desc 10
11,MockLoc 11,North,Street 11,Desc 11
12,MockLoc 12,North,Street 12,Desc 12
13,MockLoc 13,Center,Street 13,Desc 13
14,MockLoc 14,North,Street 14,Desc 14
15,MockLoc 15,South,Street 15,Desc 15
16,MockLoc 16,North,Street 16,Desc 16
17,MockLoc 17,North,Street 17,Desc 17
18,MockLoc 18,Center,Street 18,Desc 18
19,MockLoc 19,North,Street 19,Desc 19
20,MockLoc 20,Center,Street 20,Desc 20
21,MockLoc 21,North,Street 21,Desc 21
22,MockLoc 22,North,Street 22,Desc 22
23,MockLoc 23,South,Street 23,Desc 23
24,MockLoc 24,Center,Street 24,Desc 24
25,MockLoc 25,Center,Street 25,Desc 25
26,MockLoc 26,North,Street 26,Desc 26
27,MockLoc 27,South,Street 27,Desc 27
28,MockLoc 28,South,Street 28,Desc 28
29,MockLoc 29,South,Street 29,Desc 29
30,MockLoc 30,North,Street 30,Desc 30
31,MockLoc 31,North,Street 31,Desc 31
32,MockLoc 32,Center,Street 32,Desc 32
33,MockLoc 33,Center,Street 33,Desc 33
34,MockLoc 34,North,Street 34,Desc 34
35,MockLoc 35,North,Street 35,Desc 35
36,MockLoc 36,North,Street 36,Desc 36
37,MockLoc 37,North,Street 37,Desc 37
38,MockLoc 38,South,Street 38,Desc 38
39,MockLoc 39,South,Street 39,Desc 39
40,MockLoc 40,South,Street 40,Desc 40
41,MockLoc 41,South,Street 41,Desc 41
42,MockLoc 42,North,Street 42,Desc 42
43,MockLoc 43,Center,Street 43,Desc 43
44,MockLoc 44,North,Street 44,Desc 44
45,MockLoc 45,Center,Street 45,Desc 45
46,MockLoc 46,Center,Street 46,Desc 46
47,MockLoc 47,North,Street 47,Desc 47
48,MockLoc 48,North,Street 48,Desc 48
49,MockLoc 49,Center,Street 49,Desc 49
50,MockLoc 50,Center,Street 50,Desc 50
51,MockLoc 51,South,Street 51,Desc 51
52,MockLoc 52,Center,Street 52,Desc 52
53,MockLoc 53,Center,Street 53,Desc 53
54,MockLoc 54,North,Street 54,Desc 54
55,MockLoc 55,South,Street 55,Desc 55
56,MockLoc 56,South,Street 56,Desc 56
57,MockLoc 57,North,Street 57,Desc 57
58,MockLoc 58,North,Street 58,Desc 58
59,MockLoc 59,North,Street 59,Desc 59
60,MockLoc 60,North,Street 60,Desc 60
61,MockLoc 61,North,Street 61,Desc 61
62,MockLoc 62,North,Street 62,Desc 62
63,MockLoc 63,Center,Street 63,Desc 63
64,MockLoc 64,Center,Street 64,Desc 64
65,MockLoc 65,South,Street 65,Desc 65
66,MockLoc 66,North,Street 66,Desc 66
67,MockLoc 67,South,Street 67,Desc 67
68,MockLoc 68,Center,Street 68,Desc 68
69,MockLoc 69,South,Street 69,Desc 69
70,MockLoc 70,North,Street 70,Desc 70
71,MockLoc 71,South,Street 71,Desc 71
72,MockLoc 72,South,Street 72,Desc 72
73,MockLoc 73,Center,Street 73,Desc 73
74,MockLoc 74,North,Street 74,Desc 74
75,MockLoc 75,South,Street 75,Desc 75
76,MockLoc 76,North,Street 76,Desc 76
77,MockLoc 77,North,Street 77,Desc 77
78,MockLoc 78,Center,Street 78,Desc 78
79,MockLoc 79,North,Street 79,Desc 79
80,MockLoc 80,South,Street 80,Desc 80
81,MockLoc 81,South,Street 81,Desc 81
82,MockLoc 82,South,Street 82,Desc 82
83,MockLoc 83,North,Street 83,Desc 83
84,MockLoc 84,North,Street 84,Desc 84
85,MockLoc 85,Center,Street 85,Desc 85
86,MockLoc 86,South,Street 86,Desc 86
87,MockLoc 87,South,Street 87,Desc 87
88,MockLoc 88,Center,Street 88,Desc 88
89,MockLoc 89,Center,Street 89,Desc 89
90,MockLoc 90,Center,Street 90,Desc 90
91,MockLoc 91,North,Street 91,Desc 91
92,MockLoc 92,North,Street 92,Desc 92
93,MockLoc 93,Center,Street 93,Desc 93
94,MockLoc 94,North,Street 94,Desc 94
95,MockLoc 95,South,Street 95,Desc 95
96,MockLoc 96,Center,Street 96,Desc 96
97,MockLoc 97,South,Street 97,Desc 97
98,MockLoc 98,Center,Street 98,Desc 98
99,MockLoc 99,Center,Street 99,Desc 99
100,MockLoc 100,North,Street 100,Desc 100
101,MockLoc 101,South,Street 101,Desc 101
102,MockLoc 102,South,Street 102,Desc 102
103,MockLoc 103,North,Street 103,Desc 103
104,MockLoc 104,Center,Street 104,Desc 104
105,MockLoc 105,South,Street 105,Desc 105
106,MockLoc 106,Center,Street 106,Desc 106
107,MockLoc 107,South,Street 107,Desc 107
108,MockLoc 108,Center,Street 108,Desc 108
109,MockLoc 109,North,Street 109,Desc 109
110,MockLoc 110,South,Street 110,Desc 110
111,MockLoc 111,Center,Street 111,Desc 111
112,MockLoc 112,North,Street 112,Desc 112
113,MockLoc 113,Center,Street 113,Desc 113
114,MockLoc 114,North,Street 114,Desc 114
115,MockLoc 115,South,Street 115,Desc 115
116,MockLoc 116,North,Street 116,Desc 116
117,MockLoc 117,North,Street 117,Desc 117
118,MockLoc 118,Center,Street 118,Desc 118
119,MockLoc 119,South,Street 119,Desc 119
120,MockLoc 120,North,Street 120,Desc 120
121,MockLoc 121,North,Street 121,Desc 121
122,MockLoc 122,Center,Street 122,Desc 122
123,MockLoc 123,Center,Street 123,Desc 123
124,MockLoc 124,North,Street 124,Desc 124
125,MockLoc 125,South,Street 125,Desc 125
126,MockLoc 126,Center,Street 126,Desc 126
127,MockLoc 127,North,Street 127,Desc 127
128,MockLoc 128,Center,Street 128,Desc 128
129,MockLoc 129,Center,Street 129,Desc 129
130,MockLoc 130,Center,Street 130,Desc 130
131,MockLoc 131,South,Street 131,Desc 131
132,MockLoc 132,South,Street 132,Desc 132
133,MockLoc 133,Center,Street 133,Desc 133
134,MockLoc 134,Center,Street 134,Desc 134
135,MockLoc 135,South,Street 135,Desc 135
136,MockLoc 136,Center,Street 136,Desc 136
137,MockLoc 137,South,Street 137,Desc 137
138,MockLoc 138,Center,Street 138,Desc 138
139,MockLoc 139,South,Street 139,Desc 139
140,MockLoc 140,Center,Street 140,Desc 140
141,MockLoc 141,South,Street 141,Desc 141
142,MockLoc 142,North,Street 142,Desc 142
143,MockLoc 143,South,Street 143,Desc 143
144,MockLoc 144,North,Street 144,Desc 144
145,MockLoc 145,Center,Street 145,Desc 145
146,MockLoc 146,North,Street 146,Desc 146
147,MockLoc 147,South,Street 147,Desc 147
148,MockLoc 148,North,Street 148,Desc 148
149,MockLoc 149,South,Street 149,Desc 149
150,MockLoc 150,South,Street 150,Desc 150
151,MockLoc 151,South,Street 151,Desc 151
152,MockLoc 152,South,Street 152,Desc 152
153,MockLoc 153,North,Street 153,Desc 153
154,MockLoc 154,South,Street 154,Desc 154
155,MockLoc 155,North,Street 155,Desc 155
156,MockLoc 156,South,Street 156,Desc 156
157,MockLoc 157,Center,Street 157,Desc 157
158,MockLoc 158,North,Street 158,Desc 158
159,MockLoc 159,Center,Street 159,Desc 159
160,MockLoc 160,North,Street 160,Desc 160
161,MockLoc 161,South,Street 161,Desc 161
162,MockLoc 162,Center,Street 162,Desc 162
163,MockLoc 163,North,Street 163,Desc 163
164,MockLoc 164,Center,Street 164,Desc 164
165,MockLoc 165,South,Street 165,Desc 165
166,MockLoc 166,South,Street 166,Desc 166
167,MockLoc 167,Center,Street 167,Desc 167
168,MockLoc 168,North,Street 168,Desc 168
169,MockLoc 169,South,Street 169,Desc 169
170,MockLoc 170,Center,Street 170,Desc 170
171,MockLoc 171,North,Street 171,Desc 171
172,MockLoc 172,South,Street 172,Desc 172
173,MockLoc 173,Center,Street 173,Desc 173
174,MockLoc 174,Center,Street 174,Desc 174
175,MockLoc 175,North,Street 175,Desc 175
176,MockLoc 176,North,Street 176,Desc 176
177,MockLoc 177,South,Street 177,Desc 177
178,MockLoc 178,Center,Street 178,Desc 178
179,MockLoc 179,North,Street 179,Desc 179
180,MockLoc 180,South,Street 180,Desc 180
181,MockLoc 181,North,Street 181,Desc 181
182,MockLoc 182,South,Street 182,Desc 182
183,MockLoc 183,North,Street 183,Desc 183
184,MockLoc 184,South,Street 184,Desc 184
185,MockLoc 185,North,Street 185,Desc 185
186,MockLoc 186,South,Street 186,Desc 186
187,MockLoc 187,South,Street 187,Desc 187
188,MockLoc 188,South,Street 188,Desc 188
189,MockLoc 189,Center,Street 189,Desc 189
190,MockLoc 190,South,Street 190,Desc 190
191,MockLoc 191,South,Street 191,Desc 191
192,MockLoc 192,North,Street 192,Desc 192
193,MockLoc 193,North,Street 193,Desc 193
194,MockLoc 194,South,Street 194,Desc 194
195,MockLoc 195,South,Street 195,Desc 195
196,MockLoc 196,Center,Street 196,Desc 196
197,MockLoc 197,South,Street 197,Desc 197
198,MockLoc 198,North,Street 198,Desc 198
199,MockLoc 199,Center,Street 199,Desc 199
200,MockLoc 200,North,Street 200,Desc 200
201,MockLoc 201,North,Street 201,Desc 201
202,MockLoc 202,South,Street 202,Desc 202
203,MockLoc 203,Center,Street 203,Desc 203
204,MockLoc 204,Center,Street 204,Desc 204
205,MockLoc 205,Center,Street 205,Desc 205
206,MockLoc 206,North,Street 206,Desc 206
207,MockLoc 207,North,Street 207,Desc 207
208,MockLoc 208,North,Street 208,Desc 208
209,MockLoc 209,Center,Street 209,Desc 209
210,MockLoc 210,Center,Street 210,Desc 210
211,MockLoc 211,South,Street 211,Desc 211
212,MockLoc 212,Center,Street 212,Desc 212
213,MockLoc 213,North,Street 213,Desc 213
214,MockLoc 214,South,Street 214,Desc 214
215,MockLoc 215,South,Street 215,Desc 215
216,MockLoc 216,Center,Street 216,Desc 216
217,MockLoc 217,Center,Street 217,Desc 217
218,MockLoc 218,Center,Street 218,Desc 218
219,MockLoc 219,Center,Street 219,Desc 219
220,MockLoc 220,North,Street 220,Desc 220
221,MockLoc 221,South,Street 221,Desc 221
222,MockLoc 222,North,Street 222,Desc 222
223,MockLoc 223,South,Street 223,Desc 223
224,MockLoc 224,South,Street 224,Desc 224
225,MockLoc 225,North,Street 225,Desc 225
226,MockLoc 226,North,Street 226,Desc 226
227,MockLoc 227,South,Street 227,Desc 227
228,MockLoc 228,Center,Street 228,Desc 228
229,MockLoc 229,Center,Street 229,Desc 229
230,MockLoc 230,Center,Street 230,Desc 230
231,MockLoc 231,North,Street 231,Desc 231
232,MockLoc 232,South,Street 232,Desc 232
233,MockLoc 233,Center,Street 233,Desc 233
234,MockLoc 234,North,Street 234,Desc 234
235,MockLoc 235,Center,Street 235,Desc 235
236,MockLoc 236,Center,Street 236,Desc 236
237,MockLoc 237,Center,Street 237,Desc 237
238,MockLoc 238,North,Street 238,Desc 238
239,MockLoc 239,South,Street 239,Desc 239
240,MockLoc 240,North,Street 240,Desc 240
241,MockLoc 241,South,Street 241,Desc 241
242,MockLoc 242,South,Street 242,Desc 242
243,MockLoc 243,South,Street 243,Desc 243
244,MockLoc 244,South,Street 244,Desc 244
245,MockLoc 245,Center,Street 245,Desc 245
246,MockLoc 246,North,Street 246,Desc 246
247,MockLoc 247,Center,Street 247,Desc 247
248,MockLoc 248,Center,Street 248,Desc 248
249,MockLoc 249,North,Street 249,Desc 249
250,MockLoc 250,Center,Street 250,Desc 250
251,MockLoc 251,North,Street 251,Desc 251
252,MockLoc 252,North,Street 252,Desc 252
253,MockLoc 253,South,Street 253,Desc 253
254,MockLoc 254,South,Street 254,Desc 254
255,MockLoc 255,South,Street 255,Desc 255
256,MockLoc 256,South,Street 256,Desc 256
257,MockLoc 257,South,Street 257,Desc 257
258,MockLoc 258,South,Street 258,Desc 258
259,MockLoc 259,North,Street 259,Desc 259
260,MockLoc 260,North,Street 260,Desc 260
261,MockLoc 261,Center,Street 261,Desc 261
262,MockLoc 262,South,Street 262,Desc 262
263,MockLoc 263,Center,Street 263,Desc 263
264,MockLoc 264,South,Street 264,Desc 264
265,MockLoc 265,South,Street 265,Desc 265
266,MockLoc 266,South,Street 266,Desc 266
267,MockLoc 267,North,Street 267,Desc 267
268,MockLoc 268,North,Street 268,Desc 268
269,MockLoc 269,South,Street 269,Desc 269
270,MockLoc 270,North,Street 270,Desc 270
271,MockLoc 271,South,Street 271,Desc 271
272,MockLoc 272,Center,Street 272,Desc 272
273,MockLoc 273,South,Street 273,Desc 273
274,MockLoc 274,Center,Street 274,Desc 274
275,MockLoc 275,South,Street 275,Desc 275
276,MockLoc 276,South,Street 276,Desc 276
277,MockLoc 277,South,Street 277,Desc 277
278,MockLoc 278,North,Street 278,Desc 278
279,MockLoc 279,Center,Street 279,Desc 279
280,MockLoc 280,South,Street 280,Desc 280
281,MockLoc 281,North,Street 281,Desc 281
282,MockLoc 282,North,Street 282,Desc 282
283,MockLoc 283,North,Street 283,Desc 283
284,MockLoc 284,South,Street 284,Desc 284
285,MockLoc 285,South,Street 285,Desc 285
286,MockLoc 286,North,Street 286,Desc 286
287,MockLoc 287,North,Street 287,Desc 287
288,MockLoc 288,Center,Street 288,Desc 288
289,MockLoc 289,Center,Street 289,Desc 289
290,MockLoc 290,North,Street 290,Desc 290
291,MockLoc 291,South,Street 291,Desc 291
292,MockLoc 292,South,Street 292,Desc 292
293,MockLoc 293,Center,Street 293,Desc 293
294,MockLoc 294,South,Street 294,Desc 294
295,MockLoc 295,South,Street 295,Desc 295
296,MockLoc 296,North,Street 296,Desc 296
297,MockLoc 297,South,Street 297,Desc 297
298,MockLoc 298,Center,Street 298,Desc 298
299,MockLoc 299,North,Street 299,Desc 299
300,MockLoc 300,North,Street 300,Desc 300
301,MockLoc 301,South,Street 301,Desc 301
302,MockLoc 302,Center,Street 302,Desc 302
303,MockLoc 303,Center,Street 303,Desc 303
304,MockLoc 304,North,Street 304,Desc 304
305,MockLoc 305,North,Street 305,Desc 305
306,MockLoc 306,South,Street 306,Desc 306
307,MockLoc 307,South,Street 307,Desc 307
308,MockLoc 308,Center,Street 308,Desc 308
309,MockLoc 309,North,Street 309,Desc 309
310,MockLoc 310,North,Street 310,Desc 310
311,MockLoc 311,North,Street 311,Desc 311
312,MockLoc 312,South,Street 312,Desc 312
313,MockLoc 313,South,Street 313,Desc 313
314,MockLoc 314,South,Street 314,Desc 314
315,MockLoc 315,Center,Street 315,Desc 315
316,MockLoc 316,Center,Street 316,Desc 316
317,MockLoc 317,North,Street 317,Desc 317
318,MockLoc 318,Center,Street 318,Desc 318
319,MockLoc 319,Center,Street 319,Desc 319
320,MockLoc 320,Center,Street 320,Desc 320
321,MockLoc 321,Center,Street 321,Desc 321
322,MockLoc 322,Center,Street 322,Desc 322
323,MockLoc 323,South,Street 323,Desc 323
324,MockLoc 324,South,Street 324,Desc 324
325,MockLoc 325,North,Street 325,Desc 325
326,MockLoc 326,Center,Street 326,Desc 326
327,MockLoc 327,Center,Street 327,Desc 327
328,MockLoc 328,Center,Street 328,Desc 328
329,MockLoc 329,South,Street 329,Desc 329
330,MockLoc 330,Center,Street 330,Desc 330
331,MockLoc 331,Center,Street 331,Desc 331
332,MockLoc 332,North,Street 332,Desc 332
333,MockLoc 333,North,Street 333,Desc 333
334,MockLoc 334,South,Street 334,Desc 334
335,MockLoc 335,South,Street 335,Desc 335
336,MockLoc 336,North,Street 336,Desc 336
337,MockLoc 337,Center,Street 337,Desc 337
338,MockLoc 338,Center,Street 338,Desc 338
339,MockLoc 339,Center,Street 339,Desc 339
340,MockLoc 340,Center,Street 340,Desc 340
341,MockLoc 341,South,Street 341,Desc 341
342,MockLoc 342,North,Street 342,Desc 342
343,MockLoc 343,South,Street 343,Desc 343
344,MockLoc 344,Center,Street 344,Desc 344
345,MockLoc 345,South,Street 345,Desc 345
346,MockLoc 346,North,Street 346,Desc 346
347,MockLoc 347,Center,Street 347,Desc 347
348,MockLoc 348,Center,Street 348,Desc 348
349,MockLoc 349,South,Street 349,Desc 349
350,MockLoc 350,South,Street 350,Desc 350
351,MockLoc 351,North,Street 351,Desc 351
352,MockLoc 352,South,Street 352,Desc 352
353,MockLoc 353,Center,Street 353,Desc 353
354,MockLoc 354,North,Street 354,Desc 354
355,MockLoc 355,Center,Street 355,Desc 355
356,MockLoc 356,North,Street 356,Desc 356
357,MockLoc 357,Center,Street 357,Desc 357
358,MockLoc 358,North,Street 358,Desc 358
359,MockLoc 359,Center,Street 359,Desc 359
360,MockLoc 360,Center,Street 360,Desc 360
361,MockLoc 361,South,Street 361,Desc 361
362,MockLoc 362,Center,Street 362,Desc 362
363,MockLoc 363,South,Street 363,Desc 363
364,MockLoc 364,South,Street 364,Desc 364
365,MockLoc 365,Center,Street 365,Desc 365
366,MockLoc 366,North,Street 366,Desc 366
367,MockLoc 367,South,Street 367,Desc 367
368,MockLoc 368,South,Street 368,Desc 368
369,MockLoc 369,North,Street 369,Desc 369
370,MockLoc 370,Center,Street 370,Desc 370
371,MockLoc 371,Center,Street 371,Desc 371
372,MockLoc 372,North,Street 372,Desc 372
373,MockLoc 373,South,Street 373,Desc 373
374,MockLoc 374,Center,Street 374,Desc 374
375,MockLoc 375,Center,Street 375,Desc 375
376,MockLoc 376,Center,Street 376,Desc 376
377,MockLoc 377,North,Street 377,Desc 377
378,MockLoc 378,North,Street 378,Desc 378
379,MockLoc 379,South,Street 379,Desc 379
380,MockLoc 380,North,Street 380,Desc 380
381,MockLoc 381,South,Street 381,Desc 381
382,MockLoc 382,Center,Street 382,Desc 382
383,MockLoc 383,North,Street 383,Desc 383
384,MockLoc 384,South,Street 384,Desc 384
385,MockLoc 385,North,Street 385,Desc 385
386,MockLoc 386,North,Street 386,Desc 386
387,MockLoc 387,Center,Street 387,Desc 387
388,MockLoc 388,Center,Street 388,Desc 388
389,MockLoc 389,South,Street 389,Desc 389
390,MockLoc 390,North,Street 390,Desc 390
391,MockLoc 391,South,Street 391,Desc 391
392,MockLoc 392,Center,Street 392,Desc 392
393,MockLoc 393,South,Street 393,Desc 393
394,MockLoc 394,North,Street 394,Desc 394
395,MockLoc 395,South,Street 395,Desc 395
396,MockLoc 396,South,Street 396,Desc 396
397,MockLoc 397,South,Street 397,Desc 397
398,MockLoc 398,South,Street 398,Desc 398
399,MockLoc 399,South,Street 399,Desc 399
400,MockLoc 400,South,Street 400,Desc 400
401,MockLoc 401,Center,Street 401,Desc 401
402,MockLoc 402,Center,Street 402,Desc 402
403,MockLoc 403,North,Street 403,Desc 403
404,MockLoc 404,North,Street 404,Desc 404
405,MockLoc 405,Center,Street 405,Desc 405
406,MockLoc 406,South,Street 406,Desc 406
407,MockLoc 407,North,Street 407,Desc 407
408,MockLoc 408,Center,Street 408,Desc 408
409,MockLoc 409,North,Street 409,Desc 409
410,MockLoc 410,North,Street 410,Desc 410
411,MockLoc 411,North,Street 411,Desc 411
412,MockLoc 412,South,Street 412,Desc 412
413,MockLoc 413,North,Street 413,Desc 413
414,MockLoc 414,North,Street 414,Desc 414
415,MockLoc 415,Center,Street 415,Desc 415
416,MockLoc 416,South,Street 416,Desc 416
417,MockLoc 417,South,Street 417,Desc 417
418,MockLoc 418,South,Street 418,Desc 418
419,MockLoc 419,South,Street 419,Desc 419
420,MockLoc 420,North,Street 420,Desc 420
421,MockLoc 421,Center,Street 421,Desc 421
422,MockLoc 422,North,Street 422,Desc 422
423,MockLoc 423,Center,Street 423,Desc 423
424,MockLoc 424,South,Street 424,Desc 424
425,MockLoc 425,South,Street 425,Desc 425
426,MockLoc 426,South,Street 426,Desc 426
427,MockLoc 427,South,Street 427,Desc 427
428,MockLoc 428,Center,Street 428,Desc 428
429,MockLoc 429,South,Street 429,Desc 429
430,MockLoc 430,South,Street 430,Desc 430
431,MockLoc 431,South,Street 431,Desc 431
432,MockLoc 432,North,Street 432,Desc 432
433,MockLoc 433,South,Street 433,Desc 433
434,MockLoc 434,South,Street 434,Desc 434
435,MockLoc 435,South,Street 435,Desc 435
436,MockLoc 436,North,Street 436,Desc 436
437,MockLoc 437,South,Street 437,Desc 437
438,MockLoc 438,South,Street 438,Desc 438
439,MockLoc 439,Center,Street 439,Desc 439
440,MockLoc 440,North,Street 440,Desc 440
441,MockLoc 441,South,Street 441,Desc 441
442,MockLoc 442,Center,Street 442,Desc 442
443,MockLoc 443,Center,Street 443,Desc 443
444,MockLoc 444,South,Street 444,Desc 444
445,MockLoc 445,South,Street 445,Desc 445
446,MockLoc 446,North,Street 446,Desc 446
447,MockLoc 447,South,Street 447,Desc 447
448,MockLoc 448,Center,Street 448,Desc 448
449,MockLoc 449,South,Street 449,Desc 449
450,MockLoc 450,South,Street 450,Desc 450
451,MockLoc 451,North,Street 451,Desc 451
452,MockLoc 452,South,Street 452,Desc 452
453,MockLoc 453,South,Street 453,Desc 453
454,MockLoc 454,South,Street 454,Desc 454
455,MockLoc 455,North,Street 455,Desc 455
456,MockLoc 456,South,Street 456,Desc 456
457,MockLoc 457,North,Street 457,Desc 457
458,MockLoc 458,Center,Street 458,Desc 458
459,MockLoc 459,South,Street 459,Desc 459
460,MockLoc 460,South,Street 460,Desc 460
461,MockLoc 461,South,Street 461,Desc 461
462,MockLoc 462,South,Street 462,Desc 462
463,MockLoc 463,South,Street 463,Desc 463
464,MockLoc 464,Center,Street 464,Desc 464
465,MockLoc 465,North,Street 465,Desc 465
466,MockLoc 466,Center,Street 466,Desc 466
467,MockLoc 467,North,Street 467,Desc 467
468,MockLoc 468,South,Street 468,Desc 468
469,MockLoc 469,South,Street 469,Desc 469
470,MockLoc 470,North,Street 470,Desc 470
471,MockLoc 471,South,Street 471,Desc 471
472,MockLoc 472,Center,Street 472,Desc 472
473,MockLoc 473,South,Street 473,Desc 473
474,MockLoc 474,South,Street 474,Desc 474
475,MockLoc 475,North,Street 475,Desc 475
476,MockLoc 476,North,Street 476,Desc 476
477,MockLoc 477,South,Street 477,Desc 477
478,MockLoc 478,South,Street 478,Desc 478
479,MockLoc 479,North,Street 479,Desc 479
480,MockLoc 480,South,Street 480,Desc 480
481,MockLoc 481,Center,Street 481,Desc 481
482,MockLoc 482,North,Street 482,Desc 482
483,MockLoc 483,South,Street 483,Desc 483
484,MockLoc 484,South,Street 484,Desc 484
485,MockLoc 485,Center,Street 485,Desc 485
486,MockLoc 486,North,Street 486,Desc 486
487,MockLoc 487,North,Street 487,Desc 487
488,MockLoc 488,South,Street 488,Desc 488
489,MockLoc 489,South,Street 489,Desc 489
490,MockLoc 490,North,Street 490,Desc 490
491,MockLoc 491,South,Street 491,Desc 491
492,MockLoc 492,North,Street 492,Desc 492
493,MockLoc 493,South,Street 493,Desc 493
494,MockLoc 494,Center,Street 494,Desc 494
495,MockLoc 495,North,Street 495,Desc 495
496,MockLoc 496,Center,Street 496,Desc 496
497,MockLoc 497,North,Street 497,Desc 497
498,MockLoc 498,North,Street 498,Desc 498
499,MockLoc 499,North,Street 499,Desc 499
500,MockLoc 500,North,Street 500,Desc 500
501,MockLoc 501,Center,Street 501,Desc 501
502,MockLoc 502,Center,Street 502,Desc 502
503,MockLoc 503,Center,Street 503,Desc 503
504,MockLoc 504,North,Street 504,Desc 504
505,MockLoc 505,North,Street 505,Desc 505
506,MockLoc 506,South,Street 506,Desc 506
507,MockLoc 507,North,Street 507,Desc 507
508,MockLoc 508,North,Street 508,Desc 508
509,MockLoc 509,South,Street 509,Desc 509
510,MockLoc 510,Center,Street 510,Desc 510
511,MockLoc 511,South,Street 511,Desc 511
512,MockLoc 512,South,Street 512,Desc 512
513,MockLoc 513,North,Street 513,Desc 513
514,MockLoc 514,Center,Street 514,Desc 514
515,MockLoc 515,Center,Street 515,Desc 515
516,MockLoc 516,North,Street 516,Desc 516
517,MockLoc 517,North,Street 517,Desc 517
518,MockLoc 518,Center,Street 518,Desc 518
519,MockLoc 519,Center,Street 519,Desc 519
520,MockLoc 520,North,Street 520,Desc 520
521,MockLoc 521,South,Street 521,Desc 521
522,MockLoc 522,Center,Street 522,Desc 522
523,MockLoc 523,Center,Street 523,Desc 523
524,MockLoc 524,North,Street 524,Desc 524
525,MockLoc 525,South,Street 525,Desc 525
526,MockLoc 526,North,Street 526,Desc 526
527,MockLoc 527,South,Street 527,Desc 527
528,MockLoc 528,North,Street 528,Desc 528
529,MockLoc 529,Center,Street 529,Desc 529
530,MockLoc 530,Center,Street 530,Desc 530
531,MockLoc 531,North,Street 531,Desc 531
532,MockLoc 532,North,Street 532,Desc 532
533,MockLoc 533,South,Street 533,Desc 533
534,MockLoc 534,North,Street 534,Desc 534
535,MockLoc 535,North,Street 535,Desc 535
536,MockLoc 536,North,Street 536,Desc 536
537,MockLoc 537,South,Street 537,Desc 537
538,MockLoc 538,Center,Street 538,Desc 538
539,MockLoc 539,North,Street 539,Desc 539
540,MockLoc 540,Center,Street 540,Desc 540
541,MockLoc 541,South,Street 541,Desc 541
542,MockLoc 542,North,Street 542,Desc 542
543,MockLoc 543,South,Street 543,Desc 543
544,MockLoc 544,Center,Street 544,Desc 544
545,MockLoc 545,North,Street 545,Desc 545
546,MockLoc 546,South,Street 546,Desc 546
547,MockLoc 547,Center,Street 547,Desc 547
548,MockLoc 548,South,Street 548,Desc 548
549,MockLoc 549,North,Street 549,Desc 549
550,MockLoc 550,Center,Street 550,Desc 550
551,MockLoc 551,North,Street 551,Desc 551
552,MockLoc 552,North,Street 552,Desc 552
553,MockLoc 553,Center,Street 553,Desc 553
554,MockLoc 554,North,Street 554,Desc 554
555,MockLoc 555,North,Street 555,Desc 555
556,MockLoc 556,Center,Street 556,Desc 556
557,MockLoc 557,South,Street 557,Desc 557
558,MockLoc 558,Center,Street 558,Desc 558
559,MockLoc 559,South,Street 559,Desc 559
560,MockLoc 560,South,Street 560,Desc 560
561,MockLoc 561,North,Street 561,Desc 561
562,MockLoc 562,North,Street 562,Desc 562
563,MockLoc 563,North,Street 563,Desc 563
564,MockLoc 564,South,Street 564,Desc 564
565,MockLoc 565,South,Street 565,Desc 565
566,MockLoc 566,Center,Street 566,Desc 566
567,MockLoc 567,Center,Street 567,Desc 567
568,MockLoc 568,North,Street 568,Desc 568
569,MockLoc 569,South,Street 569,Desc 569
570,MockLoc 570,South,Street 570,Desc 570
571,MockLoc 571,Center,Street 571,Desc 571
572,MockLoc 572,North,Street 572,Desc 572
573,MockLoc 573,Center,Street 573,Desc 573
574,MockLoc 574,Center,Street 574,Desc 574
575,MockLoc 575,North,Street 575,Desc 575
576,MockLoc 576,Center,Street 576,Desc 576
577,MockLoc 577,South,Street 577,Desc 577
578,MockLoc 578,Center,Street 578,Desc 578
579,MockLoc 579,Center,Street 579,Desc 579
580,MockLoc 580,Center,Street 580,Desc 580
581,MockLoc 581,North,Street 581,Desc 581
582,MockLoc 582,Center,Street 582,Desc 582
583,MockLoc 583,North,Street 583,Desc 583
584,MockLoc 584,South,Street 584,Desc 584
585,MockLoc 585,Center,Street 585,Desc 585
586,MockLoc 586,South,Street 586,Desc 586
587,MockLoc 587,North,Street 587,Desc 587
588,MockLoc 588,Center,Street 588,Desc 588
589,MockLoc 589,North,Street 589,Desc 589
590,MockLoc 590,North,Street 590,Desc 590
591,MockLoc 591,South,Street 591,Desc 591
592,MockLoc 592,South,Street 592,Desc 592
593,MockLoc 593,Center,Street 593,Desc 593
594,MockLoc 594,Center,Street 594,Desc 594
595,MockLoc 595,North,Street 595,Desc 595
596,MockLoc 596,North,Street 596,Desc 596
597,MockLoc 597,North,Street 597,Desc 597
598,MockLoc 598,North,Street 598,Desc 598
599,MockLoc 599,North,Street 599,Desc 599
600,MockLoc 600,South,Street 600,Desc 600
601,MockLoc 601,South,Street 601,Desc 601
602,MockLoc 602,North,Street 602,Desc 602
603,MockLoc 603,North,Street 603,Desc 603
604,MockLoc 604,Center,Street 604,Desc 604
605,MockLoc 605,South,Street 605,Desc 605
606,MockLoc 606,South,Street 606,Desc 606
607,MockLoc 607,Center,Street 607,Desc 607
608,MockLoc 608,South,Street 608,Desc 608
609,MockLoc 609,North,Street 609,Desc 609
610,MockLoc 610,Center,Street 610,Desc 610
611,MockLoc 611,North,Street 611,Desc 611
612,MockLoc 612,Center,Street 612,Desc 612
613,MockLoc 613,Center,Street 613,Desc 613
614,MockLoc 614,Center,Street 614,Desc 614
615,MockLoc 615,South,Street 615,Desc 615
616,MockLoc 616,South,Street 616,Desc 616
617,MockLoc 617,Center,Street 617,Desc 617
618,MockLoc 618,Center,Street 618,Desc 618
619,MockLoc 619,North,Street 619,Desc 619
620,MockLoc 620,Center,Street 620,Desc 620
621,MockLoc 621,North,Street 621,Desc 621
622,MockLoc 622,South,Street 622,Desc 622
623,MockLoc 623,South,Street 623,Desc 623
624,MockLoc 624,North,Street 624,Desc 624
625,MockLoc 625,Center,Street 625,Desc 625
626,MockLoc 626,North,Street 626,Desc 626
627,MockLoc 627,South,Street 627,Desc 627
628,MockLoc 628,South,Street 628,Desc 628
629,MockLoc 629,South,Street 629,Desc 629
630,MockLoc 630,North,Street 630,Desc 630
631,MockLoc 631,Center,Street 631,Desc 631
632,MockLoc 632,South,Street 632,Desc 632
633,MockLoc 633,South,Street 633,Desc 633
634,MockLoc 634,Center,Street 634,Desc 634
635,MockLoc 635,North,Street 635,Desc 635
636,MockLoc 636,Center,Street 636,Desc 636
637,MockLoc 637,North,Street 637,Desc 637
638,MockLoc 638,North,Street 638,Desc 638
639,MockLoc 639,North,Street 639,Desc 639
640,MockLoc 640,North,Street 640,Desc 640
641,MockLoc 641,South,Street 641,Desc 641
642,MockLoc 642,South,Street 642,Desc 642
643,MockLoc 643,South,Street 643,Desc 643
644,MockLoc 644,North,Street 644,Desc 644
645,MockLoc 645,Center,Street 645,Desc 645
646,MockLoc 646,North,Street 646,Desc 646
647,MockLoc 647,South,Street 647,Desc 647
648,MockLoc 648,North,Street 648,Desc 648
649,MockLoc 649,South,Street 649,Desc 649
650,MockLoc 650,Center,Street 650,Desc 650
651,MockLoc 651,North,Street 651,Desc 651
652,MockLoc 652,South,Street 652,Desc 652
653,MockLoc 653,North,Street 653,Desc 653
654,MockLoc 654,North,Street 654,Desc 654
655,MockLoc 655,South,Street 655,Desc 655
656,MockLoc 656,South,Street 656,Desc 656
657,MockLoc 657,North,Street 657,Desc 657
658,MockLoc 658,Center,Street 658,Desc 658
659,MockLoc 659,North,Street 659,Desc 659
660,MockLoc 660,North,Street 660,Desc 660
661,MockLoc 661,South,Street 661,Desc 661
662,MockLoc 662,North,Street 662,Desc 662
663,MockLoc 663,North,Street 663,Desc 663
664,MockLoc 664,Center,Street 664,Desc 664
665,MockLoc 665,South,Street 665,Desc 665
666,MockLoc 666,South,Street 666,Desc 666
667,MockLoc 667,South,Street 667,Desc 667
668,MockLoc 668,Center,Street 668,Desc 668
669,MockLoc 669,South,Street 669,Desc 669
670,MockLoc 670,South,Street 670,Desc 670
671,MockLoc 671,North,Street 671,Desc 671
672,MockLoc 672,Center,Street 672,Desc 672
673,MockLoc 673,South,Street 673,Desc 673
674,MockLoc 674,Center,Street 674,Desc 674
675,MockLoc 675,North,Street 675,Desc 675
676,MockLoc 676,Center,Street 676,Desc 676
677,MockLoc 677,South,Street 677,Desc 677
678,MockLoc 678,South,Street 678,Desc 678
679,MockLoc 679,South,Street 679,Desc 679
680,MockLoc 680,North,Street 680,Desc 680
681,MockLoc 681,Center,Street 681,Desc 681
682,MockLoc 682,North,Street 682,Desc 682
683,MockLoc 683,North,Street 683,Desc 683
684,MockLoc 684,South,Street 684,Desc 684
685,MockLoc 685,Center,Street 685,Desc 685
686,MockLoc 686,South,Street 686,Desc 686
687,MockLoc 687,South,Street 687,Desc 687
688,MockLoc 688,North,Street 688,Desc 688
689,MockLoc 689,South,Street 689,Desc 689
690,MockLoc 690,Center,Street 690,Desc 690
691,MockLoc 691,Center,Street 691,Desc 691
692,MockLoc 692,South,Street 692,Desc 692
693,MockLoc 693,South,Street 693,Desc 693
694,MockLoc 694,North,Street 694,Desc 694
695,MockLoc 695,Center,Street 695,Desc 695
696,MockLoc 696,Center,Street 696,Desc 696
697,MockLoc 697,North,Street 697,Desc 697
698,MockLoc 698,North,Street 698,Desc 698
699,MockLoc 699,South,Street 699,Desc 699
700,MockLoc 700,North,Street 700,Desc 700
701,MockLoc 701,Center,Street 701,Desc 701
702,MockLoc 702,South,Street 702,Desc 702
703,MockLoc 703,North,Street 703,Desc 703
704,MockLoc 704,North,Street 704,Desc 704
705,MockLoc 705,Center,Street 705,Desc 705
706,MockLoc 706,South,Street 706,Desc 706
707,MockLoc 707,Center,Street 707,Desc 707
708,MockLoc 708,Center,Street 708,Desc 708
709,MockLoc 709,Center,Street 709,Desc 709
710,MockLoc 710,Center,Street 710,Desc 710
711,MockLoc 711,Center,Street 711,Desc 711
712,MockLoc 712,North,Street 712,Desc 712
713,MockLoc 713,North,Street 713,Desc 713
714,MockLoc 714,South,Street 714,Desc 714
715,MockLoc 715,Center,Street 715,Desc 715
716,MockLoc 716,South,Street 716,Desc 716
717,MockLoc 717,North,Street 717,Desc 717
718,MockLoc 718,South,Street 718,Desc 718
719,MockLoc 719,Center,Street 719,Desc 719
720,MockLoc 720,North,Street 720,Desc 720
721,MockLoc 721,North,Street 721,Desc 721
722,MockLoc 722,Center,Street 722,Desc 722
723,MockLoc 723,North,Street 723,Desc 723
724,MockLoc 724,South,Street 724,Desc 724
725,MockLoc 725,Center,Street 725,Desc 725
726,MockLoc 726,Center,Street 726,Desc 726
727,MockLoc 727,South,Street 727,Desc 727
728,MockLoc 728,Center,Street 728,Desc 728
729,MockLoc 729,Center,Street 729,Desc 729
730,MockLoc 730,South,Street 730,Desc 730
731,MockLoc 731,Center,Street 731,Desc 731
732,MockLoc 732,North,Street 732,Desc 732
733,MockLoc 733,North,Street 733,Desc 733
734,MockLoc 734,North,Street 734,Desc 734
735,MockLoc 735,South,Street 735,Desc 735
736,MockLoc 736,Center,Street 736,Desc 736
737,MockLoc 737,North,Street 737,Desc 737
738,MockLoc 738,Center,Street 738,Desc 738
739,MockLoc 739,North,Street 739,Desc 739
740,MockLoc 740,North,Street 740,Desc 740
741,MockLoc 741,North,Street 741,Desc 741
742,MockLoc 742,South,Street 742,Desc 742
743,MockLoc 743,South,Street 743,Desc 743
744,MockLoc 744,Center,Street 744,Desc 744
745,MockLoc 745,South,Street 745,Desc 745
746,MockLoc 746,Center,Street 746,Desc 746
747,MockLoc 747,South,Street 747,Desc 747
748,MockLoc 748,Center,Street 748,Desc 748
749,MockLoc 749,Center,Street 749,Desc 749
750,MockLoc 750,North,Street 750,Desc 750
751,MockLoc 751,North,Street 751,Desc 751
752,MockLoc 752,South,Street 752,Desc 752
753,MockLoc 753,North,Street 753,Desc 753
754,MockLoc 754,Center,Street 754,Desc 754
755,MockLoc 755,Center,Street 755,Desc 755
756,MockLoc 756,North,Street 756,Desc 756
757,MockLoc 757,North,Street 757,Desc 757
758,MockLoc 758,North,Street 758,Desc 758
759,MockLoc 759,South,Street 759,Desc 759
760,MockLoc 760,South,Street 760,Desc 760
761,MockLoc 761,South,Street 761,Desc 761
762,MockLoc 762,Center,Street 762,Desc 762
763,MockLoc 763,South,Street 763,Desc 763
764,MockLoc 764,North,Street 764,Desc 764
765,MockLoc 765,North,Street 765,Desc 765
766,MockLoc 766,North,Street 766,Desc 766
767,MockLoc 767,Center,Street 767,Desc 767
768,MockLoc 768,Center,Street 768,Desc 768
769,MockLoc 769,North,Street 769,Desc 769
770,MockLoc 770,North,Street 770,Desc 770
771,MockLoc 771,Center,Street 771,Desc 771
772,MockLoc 772,South,Street 772,Desc 772
773,MockLoc 773,South,Street 773,Desc 773
774,MockLoc 774,Center,Street 774,Desc 774
775,MockLoc 775,North,Street 775,Desc 775
776,MockLoc 776,North,Street 776,Desc 776
777,MockLoc 777,Center,Street 777,Desc 777
778,MockLoc 778,North,Street 778,Desc 778
779,MockLoc 779,South,Street 779,Desc 779
780,MockLoc 780,North,Street 780,Desc 780
781,MockLoc 781,North,Street 781,Desc 781
782,MockLoc 782,North,Street 782,Desc 782
783,MockLoc 783,South,Street 783,Desc 783
784,MockLoc 784,South,Street 784,Desc 784
785,MockLoc 785,Center,Street 785,Desc 785
786,MockLoc 786,Center,Street 786,Desc 786
787,MockLoc 787,North,Street 787,Desc 787
788,MockLoc 788,Center,Street 788,Desc 788
789,MockLoc 789,South,Street 789,Desc 789
790,MockLoc 790,South,Street 790,Desc 790
791,MockLoc 791,Center,Street 791,Desc 791
792,MockLoc 792,South,Street 792,Desc 792
793,MockLoc 793,North,Street 793,Desc 793
794,MockLoc 794,South,Street 794,Desc 794
795,MockLoc 795,North,Street 795,Desc 795
796,MockLoc 796,North,Street 796,Desc 796
797,MockLoc 797,South,Street 797,Desc 797
798,MockLoc 798,North,Street 798,Desc 798
799,MockLoc 799,Center,Street 799,Desc 799
800,MockLoc 800,North,Street 800,Desc 800
801,MockLoc 801,South,Street 801,Desc 801
802,MockLoc 802,South,Street 802,Desc 802
803,MockLoc 803,Center,Street 803,Desc 803
804,MockLoc 804,North,Street 804,Desc 804
805,MockLoc 805,Center,Street 805,Desc 805
806,MockLoc 806,South,Street 806,Desc 806
807,MockLoc 807,South,Street 807,Desc 807
808,MockLoc 808,South,Street 808,Desc 808
809,MockLoc 809,North,Street 809,Desc 809
810,MockLoc 810,Center,Street 810,Desc 810
811,MockLoc 811,Center,Street 811,Desc 811
812,MockLoc 812,North,Street 812,Desc 812
813,MockLoc 813,South,Street 813,Desc 813
814,MockLoc 814,Center,Street 814,Desc 814
815,MockLoc 815,North,Street 815,Desc 815
816,MockLoc 816,South,Street 816,Desc 816
817,MockLoc 817,North,Street 817,Desc 817
818,MockLoc 818,Center,Street 818,Desc 818
819,MockLoc 819,North,Street 819,Desc 819
820,MockLoc 820,Center,Street 820,Desc 820
821,MockLoc 821,South,Street 821,Desc 821
822,MockLoc 822,Center,Street 822,Desc 822
823,MockLoc 823,Center,Street 823,Desc 823
824,MockLoc 824,North,Street 824,Desc 824
825,MockLoc 825,Center,Street 825,Desc 825
826,MockLoc 826,North,Street 826,Desc 826
827,MockLoc 827,Center,Street 827,Desc 827
828,MockLoc 828,South,Street 828,Desc 828
829,MockLoc 829,North,Street 829,Desc 829
830,MockLoc 830,Center,Street 830,Desc 830
831,MockLoc 831,South,Street 831,Desc 831
832,MockLoc 832,Center,Street 832,Desc 832
833,MockLoc 833,Center,Street 833,Desc 833
834,MockLoc 834,Center,Street 834,Desc 834
835,MockLoc 835,South,Street 835,Desc 835
836,MockLoc 836,North,Street 836,Desc 836
837,MockLoc 837,North,Street 837,Desc 837
838,MockLoc 838,Center,Street 838,Desc 838
839,MockLoc 839,South,Street 839,Desc 839
840,MockLoc 840,South,Street 840,Desc 840
841,MockLoc 841,Center,Street 841,Desc 841
842,MockLoc 842,Center,Street 842,Desc 842
843,MockLoc 843,North,Street 843,Desc 843
844,MockLoc 844,North,Street 844,Desc 844
845,MockLoc 845,Center,Street 845,Desc 845
846,MockLoc 846,South,Street 846,Desc 846
847,MockLoc 847,Center,Street 847,Desc 847
848,MockLoc 848,Center,Street 848,Desc 848
849,MockLoc 849,Center,Street 849,Desc 849
850,MockLoc 850,Center,Street 850,Desc 850
851,MockLoc 851,South,Street 851,Desc 851
852,MockLoc 852,North,Street 852,Desc 852
853,MockLoc 853,North,Street 853,Desc 853
854,MockLoc 854,South,Street 854,Desc 854
855,MockLoc 855,North,Street 855,Desc 855
856,MockLoc 856,North,Street 856,Desc 856
857,MockLoc 857,Center,Street 857,Desc 857
858,MockLoc 858,South,Street 858,Desc 858
859,MockLoc 859,Center,Street 859,Desc 859
860,MockLoc 860,Center,Street 860,Desc 860
861,MockLoc 861,North,Street 861,Desc 861
862,MockLoc 862,North,Street 862,Desc 862
863,MockLoc 863,South,Street 863,Desc 863
864,MockLoc 864,Center,Street 864,Desc 864
865,MockLoc 865,South,Street 865,Desc 865
866,MockLoc 866,North,Street 866,Desc 866
867,MockLoc 867,North,Street 867,Desc 867
868,MockLoc 868,Center,Street 868,Desc 868
869,MockLoc 869,Center,Street 869,Desc 869
870,MockLoc 870,South,Street 870,Desc 870
871,MockLoc 871,South,Street 871,Desc 871
872,MockLoc 872,South,Street 872,Desc 872
873,MockLoc 873,South,Street 873,Desc 873
874,MockLoc 874,North,Street 874,Desc 874
875,MockLoc 875,North,Street 875,Desc 875
876,MockLoc 876,South,Street 876,Desc 876
877,MockLoc 877,Center,Street 877,Desc 877
878,MockLoc 878,South,Street 878,Desc 878
879,MockLoc 879,North,Street 879,Desc 879
880,MockLoc 880,Center,Street 880,Desc 880
881,MockLoc 881,South,Street 881,Desc 881
882,MockLoc 882,North,Street 882,Desc 882
883,MockLoc 883,South,Street 883,Desc 883
884,MockLoc 884,Center,Street 884,Desc 884
885,MockLoc 885,North,Street 885,Desc 885
886,MockLoc 886,Center,Street 886,Desc 886
887,MockLoc 887,Center,Street 887,Desc 887
888,MockLoc 888,North,Street 888,Desc 888
889,MockLoc 889,Center,Street 889,Desc 889
890,MockLoc 890,North,Street 890,Desc 890
891,MockLoc 891,Center,Street 891,Desc 891
892,MockLoc 892,Center,Street 892,Desc 892
893,MockLoc 893,Center,Street 893,Desc 893
894,MockLoc 894,South,Street 894,Desc 894
895,MockLoc 895,Center,Street 895,Desc 895
896,MockLoc 896,South,Street 896,Desc 896
897,MockLoc 897,North,Street 897,Desc 897
898,MockLoc 898,South,Street 898,Desc 898
899,MockLoc 899,South,Street 899,Desc 899
900,MockLoc 900,South,Street 900,Desc 900
901,MockLoc 901,North,Street 901,Desc 901
902,MockLoc 902,South,Street 902,Desc 902
903,MockLoc 903,Center,Street 903,Desc 903
904,MockLoc 904,South,Street 904,Desc 904
905,MockLoc 905,South,Street 905,Desc 905
906,MockLoc 906,North,Street 906,Desc 906
907,MockLoc 907,South,Street 907,Desc 907
908,MockLoc 908,South,Street 908,Desc 908
909,MockLoc 909,South,Street 909,Desc 909
910,MockLoc 910,North,Street 910,Desc 910
911,MockLoc 911,South,Street 911,Desc 911
912,MockLoc 912,North,Street 912,Desc 912
913,MockLoc 913,Center,Street 913,Desc 913
914,MockLoc 914,North,Street 914,Desc 914
915,MockLoc 915,South,Street 915,Desc 915
916,MockLoc 916,Center,Street 916,Desc 916
917,MockLoc 917,North,Street 917,Desc 917
918,MockLoc 918,South,Street 918,Desc 918
919,MockLoc 919,Center,Street 919,Desc 919
920,MockLoc 920,South,Street 920,Desc 920
921,MockLoc 921,South,Street 921,Desc 921
922,MockLoc 922,North,Street 922,Desc 922
923,MockLoc 923,South,Street 923,Desc 923
924,MockLoc 924,North,Street 924,Desc 924
925,MockLoc 925,South,Street 925,Desc 925
926,MockLoc 926,South,Street 926,Desc 926
927,MockLoc 927,North,Street 927,Desc 927
928,MockLoc 928,North,Street 928,Desc 928
929,MockLoc 929,South,Street 929,Desc 929
930,MockLoc 930,Center,Street 930,Desc 930
931,MockLoc 931,Center,Street 931,Desc 931
932,MockLoc 932,South,Street 932,Desc 932
933,MockLoc 933,Center,Street 933,Desc 933
934,MockLoc 934,Center,Street 934,Desc 934
935,MockLoc 935,North,Street 935,Desc 935
936,MockLoc 936,North,Street 936,Desc 936
937,MockLoc 937,Center,Street 937,Desc 937
938,MockLoc 938,Center,Street 938,Desc 938
939,MockLoc 939,North,Street 939,Desc 939
940,MockLoc 940,Center,Street 940,Desc 940
941,MockLoc 941,Center,Street 941,Desc 941
942,MockLoc 942,North,Street 942,Desc 942
943,MockLoc 943,Center,Street 943,Desc 943
944,MockLoc 944,Center,Street 944,Desc 944
945,MockLoc 945,South,Street 945,Desc 945
946,MockLoc 946,Center,Street 946,Desc 946
947,MockLoc 947,South,Street 947,Desc 947
948,MockLoc 948,South,Street 948,Desc 948
949,MockLoc 949,North,Street 949,Desc 949
950,MockLoc 950,Center,Street 950,Desc 950
951,MockLoc 951,North,Street 951,Desc 951
952,MockLoc 952,South,Street 952,Desc 952
953,MockLoc 953,North,Street 953,Desc 953
954,MockLoc 954,South,Street 954,Desc 954
955,MockLoc 955,Center,Street 955,Desc 955
956,MockLoc 956,North,Street 956,Desc 956
957,MockLoc 957,Center,Street 957,Desc 957
958,MockLoc 958,Center,Street 958,Desc 958
959,MockLoc 959,North,Street 959,Desc 959
960,MockLoc 960,North,Street 960,Desc 960
961,MockLoc 961,Center,Street 961,Desc 961
962,MockLoc 962,South,Street 962,Desc 962
963,MockLoc 963,South,Street 963,Desc 963
964,MockLoc 964,North,Street 964,Desc 964
965,MockLoc 965,South,Street 965,Desc 965
966,MockLoc 966,South,Street 966,Desc 966
967,MockLoc 967,South,Street 967,Desc 967
968,MockLoc 968,South,Street 968,Desc 968
969,MockLoc 969,South,Street 969,Desc 969
970,MockLoc 970,North,Street 970,Desc 970
971,MockLoc 971,North,Street 971,Desc 971
972,MockLoc 972,North,Street 972,Desc 972
973,MockLoc 973,North,Street 973,Desc 973
974,MockLoc 974,Center,Street 974,Desc 974
975,MockLoc 975,South,Street 975,Desc 975
976,MockLoc 976,South,Street 976,Desc 976
977,MockLoc 977,South,Street 977,Desc 977
978,MockLoc 978,North,Street 978,Desc 978
979,MockLoc 979,North,Street 979,Desc 979
980,MockLoc 980,North,Street 980,Desc 980
981,MockLoc 981,South,Street 981,Desc 981
982,MockLoc 982,Center,Street 982,Desc 982
983,MockLoc 983,South,Street 983,Desc 983
984,MockLoc 984,North,Street 984,Desc 984
985,MockLoc 985,North,Street 985,Desc 985
986,MockLoc 986,South,Street 986,Desc 986
987,MockLoc 987,Center,Street 987,Desc 987
988,MockLoc 988,Center,Street 988,Desc 988
989,MockLoc 989,South,Street 989,Desc 989
990,MockLoc 990,South,Street 990,Desc 990
991,MockLoc 991,North,Street 991,Desc 991
992,MockLoc 992,North,Street 992,Desc 992
993,MockLoc 993,Center,Street 993,Desc 993
994,MockLoc 994,South,Street 994,Desc 994
995,MockLoc 995,South,Street 995,Desc 995
996,MockLoc 996,North,Street 996,Desc 996
997,MockLoc 997,North,Street 997,Desc 997
998,MockLoc 998,North,Street 998,Desc 998
999,MockLoc 999,North,Street 999,Desc 999
1000,MockLoc 1000,South,Street 1000,Desc 1000
