ParticipantID ,FirstName ,LastName,Phone ,Email,birthday 
1,Adara,Oertzen,329-988-4383,aoertzen0@virginia.edu,4/24/2017
2,Frannie,Ostick,348-633-5785,fostick1@addthis.com,2/12/2024
3,Neille,Rummins,375-378-4839,nrummins2@themeforest.net,5/10/2003
4,Terri,Goodsall,843-614-2465,tgoodsall3@blogger.com,7/31/1971
5,Goddart,Petrozzi,386-683-0351,gpetrozzi4@multiply.com,3/23/1995
6,Maure,Truggian,352-820-7129,mtruggian5@cocolog-nifty.com,12/20/1995
7,Deane,Shearn,124-270-1227,dshearn6@noaa.gov,2/7/2024
8,Ahmed,Jerome,824-973-2351,ajerome7@simplemachines.org,4/29/1992
9,Caz,Palmar,540-803-3287,cpalmar8@wikispaces.com,3/7/2010
10,Romonda,Sizland,257-253-6320,rsizland9@elpais.com,3/18/1989
11,Reube,McCrossan,472-786-7045,rmccrossana@businessweek.com,2/22/1985
12,Creighton,Blamire,808-792-6822,cblamireb@pen.io,4/18/1999
13,Konrad,Labon,946-660-1836,klabonc@elegantthemes.com,6/28/2005
14,Beverlee,Hullah,926-293-0625,bhullahd@intel.com,3/7/1991
15,Robena,Ridge,504-919-9370,rridgee@indiegogo.com,3/4/1983
16,Gardiner,Nuton,265-577-0376,gnutonf@google.com.hk,5/25/1974
17,Morgana,Keepe,127-137-4187,mkeepeg@soup.io,5/26/1985
18,Nert,Broke,109-611-1109,nbrokeh@nytimes.com,3/17/2014
19,Cybill,Mertel,176-613-4625,cmerteli@mediafire.com,11/29/2005
20,Kain,Mesnard,618-455-0859,kmesnardj@home.pl,1/27/2005
21,Gray,Chant,931-886-4296,gchantk@imgur.com,1/8/2022
22,Saraann,De Stoop,167-400-4363,sdestoopl@nyu.edu,7/4/1999
23,Linda,Bangley,600-660-0778,lbangleym@digg.com,4/1/2021
24,Mabelle,Baumford,999-499-0102,mbaumfordn@prnewswire.com,3/30/2006
25,Ferdinand,Hedditeh,110-693-8931,fhedditeho@edublogs.org,12/8/2000
26,Conway,Benbough,170-807-4707,cbenboughp@umich.edu,2/17/2000
27,Allin,Deehan,616-325-3631,adeehanq@google.cn,8/17/2016
28,Carmelina,O'Spillane,729-930-0777,cospillaner@discuz.net,8/13/1977
29,Elissa,Kibbel,415-418-2933,ekibbels@wsj.com,1/10/1979
30,Berton,Woolley,537-817-9279,bwoolleyt@dropbox.com,1/9/1991
31,Thalia,Goforth,304-228-3134,tgoforthu@1688.com,3/6/1987
32,Malchy,Berthelmot,241-419-6577,mberthelmotv@gravatar.com,10/27/1989
33,Errick,Noller,293-661-3233,enollerw@google.com,5/5/1981
34,Mick,Stegel,201-347-7623,mstegelx@netlog.com,4/28/1994
35,Wallache,Broadstock,205-511-9476,wbroadstocky@shop-pro.jp,12/4/2024
36,Arlee,Jozaitis,447-468-6506,ajozaitisz@businessinsider.com,9/17/2020
37,Cam,Broadley,116-453-3266,cbroadley10@accuweather.com,9/1/1984
38,Rog,Savery,529-285-5366,rsavery11@ebay.co.uk,2/20/1988
39,Peg,Junkison,556-645-2523,pjunkison12@deliciousdays.com,1/3/2023
40,Abramo,Karczinski,726-710-1050,akarczinski13@nhs.uk,5/29/2017
41,Nathanil,Benka,780-857-8983,nbenka14@live.com,6/8/2011
42,Dorisa,Bertolaccini,847-352-7304,dbertolaccini15@baidu.com,10/22/1999
43,Marcus,Brunel,944-601-0898,mbrunel16@cmu.edu,10/15/2021
44,Frederica,McCoy,973-696-2233,fmccoy17@nba.com,9/21/2001
45,Oliy,Bangle,630-283-2059,obangle18@booking.com,12/25/1995
46,Hoyt,Cawthron,992-554-3537,hcawthron19@thetimes.co.uk,11/4/2008
47,Trixi,Dachey,625-741-1234,tdachey1a@miitbeian.gov.cn,3/4/1995
48,Whitney,Twort,515-894-6451,wtwort1b@webmd.com,9/21/2012
49,Rinaldo,Orfeur,248-423-4869,rorfeur1c@mapquest.com,8/18/1979
50,Tore,Revance,406-612-3631,trevance1d@yolasite.com,7/30/1983
51,Georgina,Semonin,305-772-0253,gsemonin1e@themeforest.net,4/20/1979
52,Leigha,Balducci,568-678-0431,lbalducci1f@seesaa.net,6/5/1996
53,Fannie,McVitie,357-696-8130,fmcvitie1g@timesonline.co.uk,1/4/1996
54,Tabbi,Commin,788-130-3557,tcommin1h@bandcamp.com,12/26/2022
55,Shane,Moscon,538-259-4733,smoscon1i@npr.org,3/15/2014
56,Hugh,Daine,260-250-2540,hdaine1j@go.com,3/23/2022
57,Booth,Callan,464-537-3859,bcallan1k@delicious.com,6/23/1979
58,Kareem,Tenniswood,415-265-2485,ktenniswood1l@sfgate.com,3/27/1989
59,Irwinn,Panyer,248-567-8790,ipanyer1m@qq.com,12/13/2013
60,Gill,Hallin,393-736-8726,ghallin1n@smh.com.au,3/24/2016
61,Louise,Laurance,582-428-9323,llaurance1o@myspace.com,7/2/1986
62,Esme,Bampford,282-367-1162,ebampford1p@cam.ac.uk,2/27/2025
63,Sam,Scurrah,394-577-3281,sscurrah1q@cbsnews.com,9/1/2023
64,Jessamyn,Longcaster,282-747-1383,jlongcaster1r@google.co.jp,1/14/2011
65,Kelley,Maddison,706-580-0284,kmaddison1s@howstuffworks.com,3/17/1993
66,Berky,Groneway,883-161-8783,bgroneway1t@unblog.fr,1/18/2017
67,Ardenia,Egarr,382-796-8848,aegarr1u@opera.com,5/19/2003
68,Ailey,Gaenor,200-810-4280,agaenor1v@lulu.com,12/15/2011
69,Caryl,Dumelow,422-903-3520,cdumelow1w@hexun.com,7/13/1994
70,Lilas,McDermid,672-815-5879,lmcdermid1x@miibeian.gov.cn,8/15/2006
71,Evelina,Ciementini,192-340-9772,eciementini1y@moonfruit.com,10/19/2014
72,Karla,Boyles,531-258-7048,kboyles1z@mysql.com,10/12/1978
73,Immanuel,Soppeth,581-944-0090,isoppeth20@amazon.com,4/15/1983
74,Gale,Nail,577-389-0206,gnail21@usa.gov,1/12/1988
75,Libby,Jann,361-190-6973,ljann22@edublogs.org,2/14/2010
76,Geralda,Hovee,197-531-3390,ghovee23@twitpic.com,1/29/1995
77,Alissa,Sharple,502-936-9305,asharple24@theguardian.com,9/13/1996
78,Dulciana,Jendrich,971-619-2605,djendrich25@livejournal.com,5/10/1973
79,Karlene,Kunisch,400-742-7353,kkunisch26@pinterest.com,9/30/2014
80,Kristy,Crangle,415-877-1528,kcrangle27@wiley.com,10/8/1984
81,Kingsly,Mc-Kerley,401-246-0702,kmckerley28@vimeo.com,11/16/1986
82,Melisandra,Gilliland,469-203-4361,mgilliland29@discovery.com,9/11/2019
83,Sonnie,Vakhonin,877-552-5136,svakhonin2a@cloudflare.com,3/8/1997
84,Chuck,Hopewell,500-142-1810,chopewell2b@mtv.com,4/8/2002
85,Diego,McGrah,275-366-9969,dmcgrah2c@artisteer.com,5/29/1984
86,Martie,Richard,215-189-6389,mrichard2d@tumblr.com,3/25/1982
87,Zorah,Hourigan,704-951-5338,zhourigan2e@histats.com,2/21/2019
88,Wanids,Mushrow,875-892-5253,wmushrow2f@newyorker.com,2/20/2013
89,Lynn,Guidini,282-355-5100,lguidini2g@google.de,5/24/2010
90,Keefe,Neathway,794-756-4443,kneathway2h@independent.co.uk,8/21/1971
91,Bartel,Cousens,537-595-2642,bcousens2i@godaddy.com,4/12/2011
92,Roarke,Gillard,281-461-4888,rgillard2j@privacy.gov.au,4/22/1983
93,Tull,McGuane,204-339-7099,tmcguane2k@theguardian.com,9/29/2006
94,Rae,Hrachovec,385-138-2429,rhrachovec2l@washingtonpost.com,9/18/2024
95,Petr,Till,156-265-4448,ptill2m@auda.org.au,2/2/1973
96,Deva,Keightley,332-155-6102,dkeightley2n@nydailynews.com,5/29/2013
97,Clarice,Grzesiewicz,274-358-2511,cgrzesiewicz2o@1und1.de,4/7/2011
98,Sigrid,Claussen,358-891-5292,sclaussen2p@over-blog.com,10/1/1977
99,Leonid,Simon,690-133-6104,lsimon2q@vinaora.com,9/4/1999
100,Bill,Bamblett,745-985-6811,bbamblett2r@tumblr.com,11/2/1989
101,Orran,Capelle,447-914-8127,ocapelle2s@plala.or.jp,4/4/2002
102,Consalve,Tripett,283-469-8081,ctripett2t@xrea.com,4/16/2024
103,Timmy,Tym,131-467-3908,ttym2u@hibu.com,3/6/1975
104,Doroteya,Lyness,244-700-7532,dlyness2v@auda.org.au,9/4/1983
105,Harley,Jedrych,846-452-8007,hjedrych2w@indiegogo.com,4/2/1992
106,Lesli,Isaacson,397-901-0270,lisaacson2x@ted.com,11/27/2025
107,Concettina,Hicks,840-121-4408,chicks2y@hibu.com,2/27/2005
108,Auguste,Schindler,321-259-3001,aschindler2z@blinklist.com,11/23/1994
109,Chilton,Rehorek,922-817-1556,crehorek30@networksolutions.com,4/25/1997
110,Rustin,Caldes,887-539-6803,rcaldes31@1688.com,11/17/2000
111,Town,Spurman,309-369-8657,tspurman32@behance.net,3/9/2020
112,Pris,Morpeth,196-186-8823,pmorpeth33@vimeo.com,8/21/1985
113,Pamelina,Pickrell,916-698-8979,ppickrell34@ning.com,5/21/1973
114,Bernadene,Wasmer,168-133-1981,bwasmer35@imdb.com,12/13/1972
115,Shel,MacHostie,849-636-8207,smachostie36@ycombinator.com,12/22/1972
116,Marlon,Thurstance,656-274-3444,mthurstance37@barnesandnoble.com,12/17/2012
117,Davida,Eunson,323-376-0794,deunson38@slashdot.org,11/10/1997
118,Breena,Furney,819-176-1551,bfurney39@pcworld.com,5/14/1999
119,Leonidas,Baggiani,619-343-9635,lbaggiani3a@guardian.co.uk,3/29/2004
120,Carlie,O'Hickee,317-286-0964,cohickee3b@wikipedia.org,5/17/1984
121,Alfreda,Skoof,940-414-0410,askoof3c@cbsnews.com,10/2/1979
122,Annabella,Buchanan,826-600-9582,abuchanan3d@spiegel.de,8/4/1983
123,Rice,Skerman,152-725-1589,rskerman3e@tinypic.com,4/17/1973
124,Theda,Petherick,162-748-5626,tpetherick3f@amazon.co.uk,3/22/2014
125,Augusto,Guidone,328-700-3824,aguidone3g@cbc.ca,7/8/1984
126,Brannon,Chaplyn,315-703-6222,bchaplyn3h@lulu.com,8/12/2001
127,Sharline,Frude,995-495-0644,sfrude3i@unicef.org,1/23/1991
128,Rudiger,Frayn,401-917-0511,rfrayn3j@domainmarket.com,11/25/1992
129,Martguerita,Bycraft,485-378-2632,mbycraft3k@psu.edu,4/10/1997
130,Laurie,Cornau,315-162-6396,lcornau3l@nps.gov,12/26/2024
131,Sandy,Maxworthy,631-267-1486,smaxworthy3m@wsj.com,2/7/2017
132,Sheelagh,Bacon,973-205-1048,sbacon3n@macromedia.com,6/7/1972
133,Tresa,Manshaw,171-949-9608,tmanshaw3o@ihg.com,11/20/1975
134,Brenden,Rollingson,784-170-2824,brollingson3p@washington.edu,8/12/1979
135,Marthena,O'Suaird,599-427-5159,mosuaird3q@sbwire.com,6/23/1982
136,Anatola,Hercules,447-728-8842,ahercules3r@apple.com,7/14/1984
137,Lyda,Lenin,576-488-0245,llenin3s@moonfruit.com,6/27/1973
138,Reynold,Gecke,114-411-7378,rgecke3t@lycos.com,3/18/2001
139,Ruth,Rollings,977-710-2502,rrollings3u@ebay.com,11/16/1977
140,Norri,Dawidman,989-338-3646,ndawidman3v@alexa.com,10/20/2008
141,Rock,Bonnor,374-337-4350,rbonnor3w@cnbc.com,10/24/2012
142,Lorrayne,Edmans,203-507-9195,ledmans3x@cam.ac.uk,3/31/1970
143,Mel,Sparey,210-717-0061,msparey3y@spiegel.de,11/23/1991
144,Cammi,Leguey,398-791-2373,cleguey3z@jigsy.com,6/2/2009
145,Petronella,Cannop,613-503-3668,pcannop40@army.mil,12/13/1994
146,Lishe,Barriball,498-133-4427,lbarriball41@ucsd.edu,7/19/1970
147,Liuka,Balderson,969-641-5708,lbalderson42@parallels.com,5/18/2008
148,Andree,Flori,774-212-7517,aflori43@nasa.gov,9/30/2023
149,Chantal,Anthonsen,461-246-0560,canthonsen44@redcross.org,3/8/2016
150,Jaymee,Yansons,353-124-6504,jyansons45@people.com.cn,4/28/1990
151,Abe,McEnhill,603-930-4972,amcenhill46@samsung.com,8/29/2002
152,Pierce,Maple,163-512-3707,pmaple47@ocn.ne.jp,7/30/1977
153,Mayor,Tubritt,554-446-6438,mtubritt48@macromedia.com,2/7/1978
154,Trudi,Seton,877-945-1846,tseton49@jiathis.com,11/4/2018
155,Hewett,Obbard,353-134-0935,hobbard4a@sohu.com,2/11/2010
156,Kassia,Boldry,144-477-1818,kboldry4b@alibaba.com,7/12/2020
157,Allard,Clampin,184-413-4426,aclampin4c@e-recht24.de,8/8/2011
158,Rossie,Duffell,343-170-5804,rduffell4d@blogs.com,7/7/1979
159,Gipsy,Mudie,740-728-7267,gmudie4e@ibm.com,3/20/1981
160,Taddeo,Simmgen,910-132-6106,tsimmgen4f@flickr.com,10/12/2004
161,Sarine,Giamuzzo,284-471-1633,sgiamuzzo4g@sogou.com,1/8/2005
162,Dorry,Tesoe,511-886-7922,dtesoe4h@people.com.cn,4/7/1974
163,Auberon,Sweedland,267-977-8881,asweedland4i@soundcloud.com,1/30/1973
164,Zara,Hurdle,913-476-4111,zhurdle4j@apache.org,8/29/1995
165,Abbe,Rountree,129-507-6918,arountree4k@java.com,9/24/1983
166,Barnett,Pitblado,116-559-8959,bpitblado4l@statcounter.com,2/13/1972
167,Beulah,Cookney,202-312-9824,bcookney4m@chron.com,10/12/2000
168,Mata,Roseman,654-875-9272,mroseman4n@pcworld.com,4/20/1981
169,Thoma,Deroche,926-901-0343,tderoche4o@taobao.com,1/4/1976
170,Fredek,Keyme,531-931-7448,fkeyme4p@amazonaws.com,2/8/2013
171,Pavlov,Vedikhov,234-444-9969,pvedikhov4q@guardian.co.uk,7/26/2001
172,Herman,Deuss,285-966-4299,hdeuss4r@cloudflare.com,2/6/1999
173,Verena,Zylberdik,573-237-1492,vzylberdik4s@china.com.cn,9/19/2010
174,Tansy,Le Guin,283-661-6859,tleguin4t@mediafire.com,3/19/1995
175,Hermon,McRobb,297-298-2047,hmcrobb4u@pen.io,5/3/2014
176,Luise,Shelmerdine,290-302-2069,lshelmerdine4v@last.fm,8/17/1985
177,Henrie,Dibben,738-925-5538,hdibben4w@tumblr.com,1/8/2015
178,Derby,Nitto,252-583-7870,dnitto4x@msn.com,10/5/2011
179,Jonathon,Lambertazzi,284-572-2996,jlambertazzi4y@answers.com,9/16/1993
180,Gerry,Errington,421-319-9882,gerrington4z@yahoo.co.jp,5/6/1983
181,Arielle,Swancott,527-716-7027,aswancott50@rediff.com,5/16/1974
182,Abbott,Tarver,686-976-7539,atarver51@si.edu,11/3/1979
183,Vonnie,Ostrich,582-129-7481,vostrich52@rambler.ru,8/17/2000
184,Yvor,Beadon,604-852-5230,ybeadon53@dailymail.co.uk,12/2/2008
185,Lezley,Renowden,565-512-8900,lrenowden54@gov.uk,4/9/1991
186,Ahmad,Daugherty,337-608-5198,adaugherty55@businessinsider.com,12/6/2020
187,Trey,Bargh,460-155-7587,tbargh56@skype.com,7/24/1978
188,Bertie,Steen,177-972-0999,bsteen57@army.mil,10/13/1970
189,Olva,Lankester,737-500-7259,olankester58@instagram.com,9/9/2024
190,Jojo,Andrivel,332-817-1171,jandrivel59@sun.com,10/6/1982
191,Fan,Dearle-Palser,217-521-1760,fdearlepalser5a@techcrunch.com,10/5/1988
192,Koralle,Lapworth,100-725-1944,klapworth5b@unblog.fr,12/12/2012
193,Lisetta,Costley,130-831-0122,lcostley5c@hostgator.com,8/16/1983
194,Stacie,Cossington,238-702-6046,scossington5d@aol.com,10/4/2015
195,Gustav,Trewhella,313-667-1830,gtrewhella5e@lycos.com,6/22/2002
196,Jessi,Jiggens,123-433-1305,jjiggens5f@sciencedaily.com,10/4/1990
197,Susie,Fronczak,117-985-6956,sfronczak5g@blogger.com,8/27/2015
198,Celka,Vanyarkin,334-973-9332,cvanyarkin5h@mit.edu,10/22/2010
199,Gabbi,Greenacre,587-352-7732,ggreenacre5i@newsvine.com,6/6/2000
200,Carolann,Dummer,484-867-3821,cdummer5j@hubpages.com,9/10/1990
201,Alison,Kemitt,335-102-1891,akemitt5k@house.gov,6/10/2024
202,Tabbi,Grant,833-449-7033,tgrant5l@last.fm,7/20/2020
203,Evangelina,Lettice,651-921-8377,elettice5m@imageshack.us,3/22/2004
204,Oren,Teodoro,498-853-9224,oteodoro5n@studiopress.com,2/17/1984
205,Clemmie,Nairy,613-645-7509,cnairy5o@mail.ru,6/17/1975
206,Kerry,Graith,868-576-6297,kgraith5p@mozilla.com,3/28/1985
207,Aurthur,Cominello,360-462-0019,acominello5q@adobe.com,3/6/1977
208,Coleman,Pestell,162-854-8168,cpestell5r@answers.com,7/8/1995
209,Zelda,Sheather,708-747-7600,zsheather5s@prnewswire.com,2/21/1980
210,Jeanelle,Bowmen,501-498-1568,jbowmen5t@sitemeter.com,5/4/1985
211,Artie,Tainton,244-295-2857,atainton5u@reverbnation.com,7/24/1975
212,Mac,Winwright,668-558-9630,mwinwright5v@irs.gov,10/30/2021
213,Tobi,Woodwing,811-938-9460,twoodwing5w@yelp.com,2/11/2002
214,Frederik,Raiment,496-182-0989,fraiment5x@youku.com,3/21/1976
215,Abigale,Caltera,826-438-4685,acaltera5y@phoca.cz,6/11/2002
216,Cyb,Doddemeede,881-829-0895,cdoddemeede5z@house.gov,6/26/2008
217,Mateo,Waplington,216-272-3502,mwaplington60@shutterfly.com,2/3/2000
218,Dante,Cuddihy,305-121-0717,dcuddihy61@ft.com,1/4/2020
219,Web,Rutherforth,728-478-8258,wrutherforth62@washingtonpost.com,8/26/2008
220,Kate,Neicho,924-837-2117,kneicho63@nbcnews.com,4/21/2019
221,Ulric,Clifton,204-135-5333,uclifton64@pbs.org,8/4/2015
222,Ximenez,Justice,901-125-7988,xjustice65@amazon.co.uk,9/3/2014
223,Mollie,Bruhnke,223-587-6825,mbruhnke66@admin.ch,3/26/1973
224,Urbain,Rizzardini,287-842-2165,urizzardini67@dot.gov,7/5/1986
225,Irving,Fortie,204-502-6689,ifortie68@sun.com,6/30/2014
226,Frasquito,Dench,530-930-0736,fdench69@myspace.com,6/14/2004
227,Hinze,Skottle,521-221-2224,hskottle6a@google.it,5/9/2007
228,Rhona,Carlisle,537-589-6400,rcarlisle6b@furl.net,7/22/1975
229,Gunther,Dowell,848-544-7519,gdowell6c@auda.org.au,7/20/1981
230,Jennine,Glasgow,646-965-2529,jglasgow6d@sciencedaily.com,9/1/1975
231,Iolanthe,Himsworth,973-586-0189,ihimsworth6e@twitter.com,3/14/1970
232,Shurlocke,Marzella,494-125-3211,smarzella6f@arizona.edu,6/22/2015
233,Fancy,Embling,814-783-3270,fembling6g@nature.com,1/1/2006
234,Teriann,Vernalls,665-729-1590,tvernalls6h@state.tx.us,10/2/1988
235,Marty,Shiels,727-100-6305,mshiels6i@vistaprint.com,6/11/2009
236,Livvy,Duffy,589-504-2234,lduffy6j@archive.org,9/12/2007
237,Isador,Woodley,288-606-1841,iwoodley6k@narod.ru,4/13/2006
238,Munroe,Sturge,951-189-0630,msturge6l@macromedia.com,11/21/2006
239,Cherianne,Colt,901-188-0659,ccolt6m@npr.org,1/21/1972
240,Zarla,Dionisetto,254-713-2192,zdionisetto6n@canalblog.com,10/22/2021
241,Katharina,Ouchterlony,575-876-2496,kouchterlony6o@joomla.org,4/2/2001
242,Natividad,Yoell,965-934-2360,nyoell6p@tmall.com,2/1/1989
243,Cody,Ollivierre,186-623-9690,collivierre6q@topsy.com,7/25/1999
244,Giusto,Vass,526-506-1210,gvass6r@technorati.com,1/30/1987
245,Vonni,Bartolomieu,172-837-2257,vbartolomieu6s@vk.com,4/16/1997
246,Hilary,Pindred,239-867-4708,hpindred6t@canalblog.com,2/1/1984
247,Conny,Pexton,495-548-7038,cpexton6u@posterous.com,11/21/1986
248,Ivett,Frede,192-442-4376,ifrede6v@freewebs.com,11/14/1991
249,Juliet,Stoate,595-266-2281,jstoate6w@dot.gov,10/15/1970
250,Konstanze,Menault,122-769-6238,kmenault6x@nytimes.com,2/20/2008
251,Dag,Sowter,109-294-0175,dsowter6y@elegantthemes.com,9/20/2021
252,Flin,Dallosso,501-141-9932,fdallosso6z@com.com,7/31/2024
253,Porty,Roskruge,198-382-5095,proskruge70@smh.com.au,12/28/1992
254,Tierney,Luciano,682-486-6105,tluciano71@altervista.org,9/28/1981
255,Lotta,Gurry,460-916-8726,lgurry72@paginegialle.it,8/2/1986
256,Beverlee,Kid,379-558-9628,bkid73@umn.edu,11/23/2010
257,Allene,Tree,258-562-4502,atree74@hibu.com,11/8/2018
258,Kerr,Latore,436-100-4328,klatore75@storify.com,10/6/1993
259,Noah,Alentyev,624-312-1641,nalentyev76@cargocollective.com,11/6/2017
260,Pet,Davids,464-818-0789,pdavids77@goo.ne.jp,5/2/1993
261,Kali,Chasson,410-999-4215,kchasson78@studiopress.com,11/12/2008
262,Gloria,Kohneke,793-575-8170,gkohneke79@kickstarter.com,12/4/1998
263,Earle,Ceney,487-304-6770,eceney7a@craigslist.org,12/21/1979
264,Charmion,Chadburn,896-354-0685,cchadburn7b@sfgate.com,1/1/1985
265,Wendy,Leckie,467-595-4806,wleckie7c@slashdot.org,8/22/1992
266,Salome,Earsman,338-895-6019,searsman7d@a8.net,9/4/1989
267,Cassy,Creelman,149-965-9194,ccreelman7e@hp.com,12/28/1985
268,Quintana,Venes,477-580-8294,qvenes7f@un.org,4/5/2015
269,Kaitlin,Shenfish,867-109-9943,kshenfish7g@jigsy.com,4/9/1982
270,Alisha,Wickens,771-731-3291,awickens7h@japanpost.jp,1/8/1990
271,Faustine,Harrower,816-897-3813,fharrower7i@symantec.com,6/16/1992
272,Kelly,Elvin,902-901-9926,kelvin7j@prnewswire.com,2/6/1984
273,Teodora,Olivie,126-223-6610,tolivie7k@cyberchimps.com,1/26/1974
274,Sher,Sheriff,622-167-0633,ssheriff7l@prnewswire.com,6/13/1986
275,Janey,Houchin,987-444-1486,jhouchin7m@businessinsider.com,5/25/2018
276,Jill,Valenti,293-627-0472,jvalenti7n@independent.co.uk,10/14/1983
277,Ellswerth,Vatini,828-484-0067,evatini7o@bloomberg.com,1/20/2010
278,Milton,Camois,267-301-0109,mcamois7p@npr.org,6/15/2016
279,Mendie,Yglesia,634-546-2892,myglesia7q@wordpress.com,9/1/1990
280,Robbie,Walch,763-149-4490,rwalch7r@sakura.ne.jp,6/13/1997
281,Dougy,Abels,789-925-8649,dabels7s@patch.com,4/30/1981
282,Hubey,Dotterill,697-924-0530,hdotterill7t@ocn.ne.jp,11/19/2023
283,Becka,Scemp,253-309-4060,bscemp7u@csmonitor.com,8/15/2010
284,Benedicta,Lanon,937-227-8251,blanon7v@princeton.edu,11/10/2021
285,Mina,Pasek,588-155-9234,mpasek7w@pinterest.com,4/9/2008
286,Dougie,Sabater,780-628-9734,dsabater7x@gov.uk,7/27/1979
287,Jerome,Rafter,440-223-9779,jrafter7y@hp.com,11/24/1973
288,Peder,Hurndall,167-835-4255,phurndall7z@rakuten.co.jp,3/13/2016
289,Frankie,McCart,340-100-4354,fmccart80@disqus.com,12/31/1994
290,Dody,Dayne,179-826-7164,ddayne81@epa.gov,11/27/2002
291,Janean,Brand-Hardy,655-258-0527,jbrandhardy82@gnu.org,8/18/1983
292,Tabbi,Hailes,820-382-1285,thailes83@networkadvertising.org,11/20/2022
293,Liz,Smitherman,395-126-5558,lsmitherman84@de.vu,4/23/2021
294,Katharine,Avory,160-567-4460,kavory85@scientificamerican.com,6/22/1980
295,Denny,MacMillan,555-146-1089,dmacmillan86@histats.com,10/21/1981
296,Roxie,Hatto,737-196-9443,rhatto87@instagram.com,11/14/1975
297,Bernardo,Cubbit,469-435-3132,bcubbit88@1und1.de,6/1/1982
298,Noni,Pledger,293-959-4604,npledger89@tmall.com,8/17/1989
299,Devonna,Manklow,626-866-4534,dmanklow8a@a8.net,7/3/2022
300,Jacquette,Raymen,431-659-9624,jraymen8b@feedburner.com,9/27/2019
301,Finley,Lardeur,320-112-4626,flardeur8c@photobucket.com,11/9/1985
302,Morie,Fedynski,905-986-8816,mfedynski8d@soup.io,8/19/2004
303,Elaine,McCome,249-331-2080,emccome8e@discovery.com,8/4/1992
304,Isa,Minet,295-332-7248,iminet8f@xrea.com,8/21/2022
305,Silvano,Callf,871-911-6291,scallf8g@yahoo.co.jp,11/14/1976
306,Waite,Cadreman,631-175-4752,wcadreman8h@wikipedia.org,7/3/1979
307,Melodie,Mickan,796-181-2536,mmickan8i@chicagotribune.com,4/3/1985
308,Gustaf,Grivori,329-769-5690,ggrivori8j@engadget.com,8/23/2020
309,Gustav,Aldington,937-210-4107,galdington8k@oakley.com,12/14/1990
310,Joseph,Hexam,180-126-4359,jhexam8l@xrea.com,2/17/2000
311,Lois,Valentetti,880-777-4489,lvalentetti8m@toplist.cz,2/10/1982
312,Yurik,O'Neal,410-865-7763,yoneal8n@google.com,10/30/1973
313,Clarine,Strauss,905-962-7543,cstrauss8o@squarespace.com,4/14/1992
314,Tamar,Sheerin,718-847-9932,tsheerin8p@wikimedia.org,10/8/1973
315,Sib,Ferriday,999-919-8032,sferriday8q@1und1.de,10/16/2009
316,Humbert,Zienkiewicz,906-817-8627,hzienkiewicz8r@usda.gov,1/30/2019
317,Barret,Kassman,658-468-2642,bkassman8s@ow.ly,1/3/2005
318,Jeddy,Willetts,434-986-8862,jwilletts8t@lycos.com,12/22/2021
319,Michale,Hartburn,307-693-2373,mhartburn8u@fotki.com,8/3/1979
320,Pennie,Hellis,478-605-6462,phellis8v@reverbnation.com,12/22/1971
321,Janel,Gadd,834-684-0702,jgadd8w@theguardian.com,3/23/1976
322,Ilse,Portwain,362-867-4528,iportwain8x@walmart.com,2/28/2013
323,Fitzgerald,Allchorn,863-717-7484,fallchorn8y@dell.com,9/14/2017
324,Zorah,Pattrick,734-163-0874,zpattrick8z@ucoz.ru,9/29/2023
325,Tracey,Bedder,942-226-0470,tbedder90@multiply.com,10/25/1974
326,Torr,Beazleigh,177-387-0447,tbeazleigh91@ox.ac.uk,6/21/2018
327,Celestina,Marusik,720-985-4907,cmarusik92@cnn.com,3/17/2020
328,Salvatore,Motto,860-636-0687,smotto93@seesaa.net,10/6/1987
329,Roosevelt,Rheubottom,474-340-8168,rrheubottom94@latimes.com,1/5/1994
330,Chrisy,Dayton,705-770-5986,cdayton95@nytimes.com,6/5/1998
331,Dolli,Firbanks,468-870-6709,dfirbanks96@nsw.gov.au,12/10/1992
332,Westley,Sexti,772-828-9728,wsexti97@feedburner.com,4/11/1984
333,Patricia,Luttgert,194-538-3173,pluttgert98@bandcamp.com,1/28/1982
334,Shep,Crosswaite,985-866-7446,scrosswaite99@cbc.ca,12/25/1984
335,Tris,Decreuze,214-947-6677,tdecreuze9a@vistaprint.com,1/3/2006
336,Pierette,Gallear,128-714-7751,pgallear9b@aboutads.info,6/21/1982
337,Ailsun,Greendale,262-382-4468,agreendale9c@microsoft.com,5/1/1974
338,Dorolisa,Gascoine,422-914-0381,dgascoine9d@state.gov,2/28/2015
339,Mic,Luna,389-823-2607,mluna9e@ovh.net,9/19/1971
340,Yvette,Hymus,406-640-3558,yhymus9f@hostgator.com,8/25/2013
341,Cosmo,Godbold,396-750-6601,cgodbold9g@storify.com,9/7/1975
342,Isabelita,Oliver,184-635-3535,ioliver9h@cnet.com,8/8/1982
343,Brandie,Dartnell,856-507-8686,bdartnell9i@marriott.com,6/7/1977
344,Kym,Elwood,354-293-0682,kelwood9j@edublogs.org,3/6/1993
345,Vina,Drillingcourt,474-648-6473,vdrillingcourt9k@wordpress.org,12/21/2013
346,Rickie,Featherstone,608-859-5331,rfeatherstone9l@google.nl,11/18/2017
347,Kathleen,Echlin,481-161-9425,kechlin9m@time.com,12/11/2019
348,Theodor,Gunson,848-495-6679,tgunson9n@google.ca,4/10/1971
349,Nadia,Hove,433-398-3156,nhove9o@seattletimes.com,8/1/2005
350,Amii,Loft,855-991-0418,aloft9p@uol.com.br,10/20/1976
351,Justis,Brogden,368-398-2833,jbrogden9q@state.gov,5/9/1999
352,Nomi,Clarke,533-805-4589,nclarke9r@mozilla.com,5/5/1984
353,Jaclyn,Pappi,524-904-5113,jpappi9s@instagram.com,1/16/2016
354,Lonna,Skillen,863-971-8254,lskillen9t@list-manage.com,6/10/2009
355,Ilka,Whittet,173-221-6722,iwhittet9u@delicious.com,7/12/1991
356,Ethe,Mourant,617-920-7069,emourant9v@bloomberg.com,6/2/2012
357,Cherish,Hollingby,614-821-0540,chollingby9w@edublogs.org,2/10/2014
358,Standford,Radnage,637-903-0882,sradnage9x@1688.com,7/16/2024
359,Maggi,Simonnot,202-746-0016,msimonnot9y@tripadvisor.com,1/7/1982
360,Orlan,Peatheyjohns,533-392-5881,opeatheyjohns9z@ox.ac.uk,12/18/2021
361,Ruth,Brittain,754-346-4314,rbrittaina0@purevolume.com,8/8/1977
362,Clark,Kewish,360-288-3188,ckewisha1@bloglines.com,12/29/1989
363,Immanuel,Bleas,102-442-9525,ibleasa2@ucoz.ru,10/26/1973
364,Codie,Aronsohn,899-733-2526,caronsohna3@vistaprint.com,10/23/1979
365,Kalinda,Espadater,549-491-0692,kespadatera4@elpais.com,9/3/2013
366,Valina,Vase,721-190-5725,vvasea5@merriam-webster.com,4/15/1971
367,Leigha,Marusic,898-143-2883,lmarusica6@china.com.cn,12/19/1978
368,Cobbie,Thorold,902-787-5865,cthorolda7@yahoo.co.jp,3/15/2006
369,Morry,Foxhall,593-435-9736,mfoxhalla8@fema.gov,8/20/2008
370,Jared,Pullan,317-333-7287,jpullana9@buzzfeed.com,7/16/2011
371,Moises,Welham,857-873-2835,mwelhamaa@about.com,8/12/1975
372,Ancell,Etherson,629-998-5275,aethersonab@elegantthemes.com,9/16/1976
373,Catrina,Bugbee,920-692-2752,cbugbeeac@slideshare.net,10/13/1989
374,Catie,Keely,479-524-8128,ckeelyad@who.int,1/29/2025
375,Kira,Broster,443-342-3866,kbrosterae@statcounter.com,4/10/1998
376,Bram,Ivanenko,662-705-5909,bivanenkoaf@imdb.com,12/3/2013
377,Garvy,Job,446-484-4066,gjobag@cbc.ca,1/16/1981
378,Cathryn,Almeida,199-103-1016,calmeidaah@github.io,7/11/1988
379,Berkie,Barkly,421-974-6137,bbarklyai@so-net.ne.jp,10/8/2006
380,Ronnie,Tunney,220-860-3520,rtunneyaj@1688.com,5/21/2000
381,Mort,Pyott,617-295-3967,mpyottak@java.com,1/7/1999
382,Francklin,Baldwin,850-757-8925,fbaldwinal@marketwatch.com,9/21/2011
383,Elmira,Haselup,448-528-2307,ehaselupam@flickr.com,10/5/1986
384,Hobart,Kembery,978-948-7173,hkemberyan@meetup.com,11/4/1993
385,Krissy,Delort,198-557-8947,kdelortao@uol.com.br,5/30/2000
386,Korney,Pickford,868-120-7687,kpickfordap@globo.com,4/13/1975
387,Everett,Cockton,106-501-1543,ecocktonaq@utexas.edu,3/5/2013
388,Camala,Mosten,344-702-8747,cmostenar@samsung.com,12/5/2013
389,Maxie,Grant,203-700-5906,mgrantas@cbslocal.com,4/23/2017
390,Fania,Filippone,330-458-5203,ffilipponeat@nba.com,12/10/2020
391,Eleanore,Duker,953-723-8957,edukerau@samsung.com,4/3/1973
392,Paulina,Creevy,340-314-3760,pcreevyav@google.nl,8/4/2017
393,Stephanus,Bleacher,331-633-5012,sbleacheraw@themeforest.net,4/23/2016
394,Goldie,Borsnall,326-922-8204,gborsnallax@bloomberg.com,8/16/2002
395,Abba,Adamou,311-123-5164,aadamouay@feedburner.com,8/2/2008
396,Bette,Tesauro,679-686-4028,btesauroaz@cbslocal.com,1/28/2005
397,Lisa,Franca,126-458-8194,lfrancab0@woothemes.com,12/12/1988
398,Flint,Edgeley,773-749-1141,fedgeleyb1@rakuten.co.jp,11/4/1983
399,Christoper,Tincknell,269-655-2192,ctincknellb2@who.int,4/23/2019
400,Eddy,Merrick,849-480-6468,emerrickb3@time.com,9/13/1973
401,Bartholomeo,Bustin,120-926-8762,bbustinb4@newsvine.com,4/23/2022
402,Nikolia,Laviste,826-222-6053,nlavisteb5@archive.org,6/4/1981
403,Cedric,Bartholomaus,191-855-2564,cbartholomausb6@bandcamp.com,1/8/1991
404,Gran,Ruffy,423-136-9837,gruffyb7@pinterest.com,10/11/2013
405,Bartolemo,Stubbins,192-106-9811,bstubbinsb8@time.com,9/19/2019
406,Bennie,Montgomery,456-436-9393,bmontgomeryb9@odnoklassniki.ru,11/21/1984
407,Raynor,Hablet,635-123-8846,rhabletba@cbc.ca,5/17/1996
408,Daloris,Hoovart,758-507-7648,dhoovartbb@msn.com,9/13/2000
409,Vassili,Loynes,516-504-4120,vloynesbc@house.gov,10/11/2009
410,Dorisa,Stiger,510-446-9093,dstigerbd@home.pl,7/11/1987
411,Maximo,Ransbury,478-715-2489,mransburybe@comsenz.com,2/15/2012
412,Verla,Ivanov,827-340-7509,vivanovbf@pbs.org,1/15/1999
413,Letti,Jaqueminet,993-843-6036,ljaqueminetbg@ihg.com,10/11/2022
414,Kristen,Erbain,347-539-7868,kerbainbh@wp.com,11/25/2025
415,Farrand,Acock,836-483-4517,facockbi@bloglovin.com,7/19/1977
416,Saunders,Peter,812-457-3602,speterbj@nsw.gov.au,1/31/1983
417,Paige,Tabbitt,632-937-8005,ptabbittbk@seesaa.net,12/2/2007
418,Desiree,Scoterbosh,345-844-0353,dscoterboshbl@liveinternet.ru,1/8/2012
419,Webb,Spiers,398-888-2322,wspiersbm@google.nl,11/21/2024
420,Giulia,Merida,534-438-0703,gmeridabn@japanpost.jp,12/19/1983
421,Chere,Shanley,969-265-0660,cshanleybo@newyorker.com,12/10/2012
422,Bengt,Sanham,329-333-8023,bsanhambp@aboutads.info,12/16/1993
423,Sigismund,Moggach,998-697-5743,smoggachbq@cam.ac.uk,6/13/2001
424,Alfi,Vaisey,431-309-1911,avaiseybr@miitbeian.gov.cn,2/3/2019
425,Isabelita,Tschiersch,721-541-1393,itschierschbs@japanpost.jp,12/22/1986
426,Lion,Laister,906-368-6883,llaisterbt@nps.gov,11/28/2003
427,Marge,Stote,129-900-3219,mstotebu@purevolume.com,11/28/2022
428,Ronnie,Verbruggen,684-768-4780,rverbruggenbv@surveymonkey.com,5/11/2013
429,Gard,Trudgeon,137-574-3145,gtrudgeonbw@1und1.de,10/8/1981
430,Grazia,Jerosch,482-337-7244,gjeroschbx@illinois.edu,9/21/2022
431,Cullie,Boniface,170-987-2898,cbonifaceby@state.tx.us,9/15/2000
432,Giacopo,Bottelstone,313-917-0836,gbottelstonebz@cnn.com,1/30/1987
433,Simonette,Coady,753-987-7500,scoadyc0@skyrock.com,1/9/2008
434,Creigh,Ison,524-527-3226,cisonc1@icio.us,10/8/1974
435,Zaccaria,Cuell,258-662-6613,zcuellc2@github.com,5/19/1983
436,Georgette,Fairbourn,104-928-9422,gfairbournc3@surveymonkey.com,5/29/1999
437,Abbie,Bygott,635-303-9100,abygottc4@zdnet.com,2/27/1973
438,Lorianna,Thursfield,125-386-9697,lthursfieldc5@printfriendly.com,10/22/1982
439,Danella,Petren,920-342-5537,dpetrenc6@cnet.com,9/17/2004
440,Cortney,Leyman,326-445-7918,cleymanc7@indiegogo.com,11/8/1986
441,Abigale,Gaynes,346-608-6665,agaynesc8@acquirethisname.com,9/25/2024
442,Ashlen,Reams,407-704-7875,areamsc9@hud.gov,4/5/2023
443,Alverta,Dudderidge,208-653-1950,adudderidgeca@unblog.fr,5/9/1999
444,Sasha,MacConnel,360-619-8743,smacconnelcb@deliciousdays.com,4/14/1982
445,Naomi,Wattisham,480-643-5336,nwattishamcc@state.tx.us,2/18/2000
446,Elyn,Patman,558-678-2517,epatmancd@hp.com,4/11/1993
447,Caspar,Lessmare,401-679-9674,clessmarece@ihg.com,1/13/1986
448,Christyna,Diamond,947-436-6617,cdiamondcf@cisco.com,4/15/2001
449,Ryley,D'Ambrosio,709-159-6838,rdambrosiocg@upenn.edu,5/11/1998
450,Guillema,Norvell,402-416-7195,gnorvellch@omniture.com,8/22/1978
451,Netta,Weld,150-935-3980,nweldci@chronoengine.com,10/4/2012
452,Zondra,Pauleau,209-511-1447,zpauleaucj@storify.com,3/12/2002
453,Perl,Boyle,477-830-0011,pboyleck@sourceforge.net,10/9/2011
454,Letta,Sawell,610-521-1829,lsawellcl@creativecommons.org,9/16/1993
455,Kendal,Gaule,760-869-8920,kgaulecm@ted.com,9/21/2018
456,Toiboid,Doddrell,946-210-8256,tdoddrellcn@upenn.edu,8/28/2009
457,Lotti,Deniskevich,263-907-8366,ldeniskevichco@blogtalkradio.com,1/3/2008
458,Noach,Sherbrooke,700-685-9619,nsherbrookecp@businessweek.com,7/29/1999
459,Judi,Paye,364-789-2274,jpayecq@newsvine.com,12/26/2022
460,Adela,Hallihane,422-162-3147,ahallihanecr@google.com.hk,2/6/1988
461,Blondell,Nassey,353-302-2694,bnasseycs@springer.com,9/10/1993
462,Dayle,Brimelow,319-220-6577,dbrimelowct@salon.com,5/23/2009
463,Shaun,Innerstone,941-531-7604,sinnerstonecu@multiply.com,4/14/2019
464,Lurleen,Abrahamian,319-601-8160,labrahamiancv@theglobeandmail.com,3/4/1975
465,Val,Cattanach,987-833-7408,vcattanachcw@mashable.com,6/4/2016
466,Pinchas,Frede,328-511-7220,pfredecx@topsy.com,9/2/2016
467,Shepard,Henriquet,561-575-8265,shenriquetcy@shinystat.com,3/19/2018
468,Jorge,Haile,883-224-2043,jhailecz@e-recht24.de,5/22/1987
469,Judd,Bon,117-133-9449,jbond0@yolasite.com,1/10/2010
470,Kakalina,Brosetti,646-950-0774,kbrosettid1@unblog.fr,5/16/1970
471,Muhammad,Dowsing,456-634-1638,mdowsingd2@chron.com,9/23/2005
472,Heriberto,Vincent,591-626-4072,hvincentd3@unesco.org,7/9/1983
473,Lavina,Struther,150-754-0650,lstrutherd4@hao123.com,4/12/1987
474,Maximo,MacCafferty,629-243-9685,mmaccaffertyd5@goo.ne.jp,9/14/1985
475,Rita,Message,274-693-2425,rmessaged6@constantcontact.com,7/9/1983
476,Mathe,Haughey,701-148-4380,mhaugheyd7@nba.com,5/12/2018
477,Kali,Ralestone,818-437-5369,kralestoned8@360.cn,1/13/1994
478,Patten,Gypps,445-242-3636,pgyppsd9@slate.com,2/24/2005
479,Onofredo,Gates,756-925-9112,ogatesda@dell.com,10/11/1992
480,Kevon,Broadbear,951-658-3491,kbroadbeardb@illinois.edu,3/7/2020
481,Camilla,Elfes,785-567-9535,celfesdc@nhs.uk,9/22/2002
482,Jess,Reditt,776-215-5205,jredittdd@theguardian.com,5/22/2012
483,Link,Justice,989-463-1188,ljusticede@nature.com,12/27/2023
484,Maud,Broker,250-154-6325,mbrokerdf@unc.edu,10/7/2000
485,Ailey,Honig,975-438-8162,ahonigdg@boston.com,9/18/2007
486,Ashton,Fairbairn,210-288-1496,afairbairndh@jigsy.com,3/13/1976
487,Terra,Dumpleton,658-572-3426,tdumpletondi@shutterfly.com,12/3/1998
488,Prince,Dyerson,546-675-2869,pdyersondj@sogou.com,1/11/2006
489,Billie,Worgan,613-836-7174,bworgandk@163.com,3/3/1978
490,Brandea,McComas,742-320-0433,bmccomasdl@ucoz.com,5/16/2011
491,Franciskus,Ellins,993-307-0805,fellinsdm@yelp.com,4/5/2005
492,Johnette,Rosenkranc,967-489-3074,jrosenkrancdn@who.int,3/2/1988
493,Nate,Bodimeade,681-143-4332,nbodimeadedo@eepurl.com,6/2/2007
494,Kyrstin,Labeuil,343-453-1504,klabeuildp@blog.com,3/20/1986
495,Merry,Witch,912-361-2446,mwitchdq@home.pl,10/12/2005
496,Klement,Critchell,276-285-0205,kcritchelldr@usatoday.com,4/10/1996
497,Kele,Redler,211-761-5112,kredlerds@altervista.org,12/16/1986
498,Reynolds,Winskill,862-190-3972,rwinskilldt@vistaprint.com,11/1/1977
499,Tann,Lambersen,473-634-9609,tlambersendu@goodreads.com,11/15/2024
500,Rebecka,Gisby,739-208-2282,rgisbydv@seesaa.net,9/11/2010
